Mean_Features,GP_Features,RMSE,R2
None,None,2071.8652,0.19624189
None,bed_elevation,2103.3499,0.1673086
None,signed_distance_to_margin,2031.1318,0.23858804
None,distance_to_coast,2123.5295,0.14266744
None,bed_slope,2095.6516,0.17322358
None,bed_roughness,2092.6208,0.1751804
None,bed_elevation + signed_distance_to_margin,2044.7314,0.22625145
None,bed_elevation + distance_to_coast,2122.5242,0.14574999
None,bed_elevation + bed_slope,2109.6736,0.16257462
None,bed_elevation + bed_roughness,2112.9104,0.16063026
None,signed_distance_to_margin + distance_to_coast,2065.9958,0.20530552
None,signed_distance_to_margin + bed_slope,2038.3081,0.23253623
None,signed_distance_to_margin + bed_roughness,2034.3488,0.23520896
None,distance_to_coast + bed_slope,2131.7031,0.13674858
None,distance_to_coast + bed_roughness,2127.1729,0.13879007
None,bed_slope + bed_roughness,2097.1367,0.17215434
None,bed_elevation + signed_distance_to_margin + distance_to_coast,2060.638,0.20988849
None,bed_elevation + signed_distance_to_margin + bed_slope,2049.7344,0.22376016
None,bed_elevation + signed_distance_to_margin + bed_roughness,2045.6698,0.22678432
None,bed_elevation + distance_to_coast + bed_slope,2127.3342,0.14235869
None,bed_elevation + distance_to_coast + bed_roughness,2130.253,0.1396024
None,bed_elevation + bed_slope + bed_roughness,2123.212,0.15205345
None,signed_distance_to_margin + distance_to_coast + bed_slope,2073.3887,0.19833791
None,signed_distance_to_margin + distance_to_coast + bed_roughness,2132.0952,0.1350129
None,signed_distance_to_margin + bed_slope + bed_roughness,2048.1091,0.22387269
None,distance_to_coast + bed_slope + bed_roughness,2149.499,0.12286067
None,bed_elevation + signed_distance_to_margin + distance_to_coast + bed_slope,2068.61,0.20453265
None,bed_elevation + signed_distance_to_margin + distance_to_coast + bed_roughness,2132.4604,0.13620803
None,bed_elevation + signed_distance_to_margin + bed_slope + bed_roughness,2058.4497,0.21601275
None,bed_elevation + distance_to_coast + bed_slope + bed_roughness,2142.683,0.13078168
None,signed_distance_to_margin + distance_to_coast + bed_slope + bed_roughness,2135.0547,0.13280615
None,bed_elevation + signed_distance_to_margin + distance_to_coast + bed_slope + bed_roughness,2136.5317,0.13351995
bed_elevation,None,2121.376,0.14354602
bed_elevation,bed_elevation,2113.7156,0.1544573
bed_elevation,signed_distance_to_margin,2048.6929,0.21777192
bed_elevation,distance_to_coast,2133.1155,0.13198915
bed_elevation,bed_slope,2125.276,0.14039105
bed_elevation,bed_roughness,2119.9436,0.14348453
bed_elevation,bed_elevation + signed_distance_to_margin,2075.7258,0.19344214
bed_elevation,bed_elevation + distance_to_coast,2123.121,0.14325401
bed_elevation,bed_elevation + bed_slope,2116.0693,0.15344912
bed_elevation,bed_elevation + bed_roughness,2116.1685,0.1534231
bed_elevation,signed_distance_to_margin + distance_to_coast,2063.2642,0.20778859
bed_elevation,signed_distance_to_margin + bed_slope,2058.045,0.21335334
bed_elevation,signed_distance_to_margin + bed_roughness,2058.226,0.21161711
bed_elevation,distance_to_coast + bed_slope,2144.0225,0.12552339
bed_elevation,distance_to_coast + bed_roughness,2143.6309,0.1212472
bed_elevation,bed_slope + bed_roughness,2130.5437,0.1372197
bed_elevation,bed_elevation + signed_distance_to_margin + distance_to_coast,2154.1484,0.10802665
bed_elevation,bed_elevation + signed_distance_to_margin + bed_slope,2113.1987,0.15680408
bed_elevation,bed_elevation + signed_distance_to_margin + bed_roughness,2116.7107,0.15274331
bed_elevation,bed_elevation + distance_to_coast + bed_slope,2127.5142,0.14157683
bed_elevation,bed_elevation + distance_to_coast + bed_roughness,2123.6685,0.14384308
bed_elevation,bed_elevation + bed_slope + bed_roughness,2118.6104,0.15258148
bed_elevation,signed_distance_to_margin + distance_to_coast + bed_slope,2069.9026,0.20268103
bed_elevation,signed_distance_to_margin + distance_to_coast + bed_roughness,2128.7803,0.1376445
bed_elevation,signed_distance_to_margin + bed_slope + bed_roughness,2066.6523,0.20710766
bed_elevation,distance_to_coast + bed_slope + bed_roughness,2186.142,0.07641038
bed_elevation,bed_elevation + signed_distance_to_margin + distance_to_coast + bed_slope,2067.2231,0.20429578
bed_elevation,bed_elevation + signed_distance_to_margin + distance_to_coast + bed_roughness,2139.953,0.12584159
bed_elevation,bed_elevation + signed_distance_to_margin + bed_slope + bed_roughness,2121.7693,0.14987677
bed_elevation,bed_elevation + distance_to_coast + bed_slope + bed_roughness,2172.0886,0.09105158
bed_elevation,signed_distance_to_margin + distance_to_coast + bed_slope + bed_roughness,2143.3125,0.12660515
bed_elevation,bed_elevation + signed_distance_to_margin + distance_to_coast + bed_slope + bed_roughness,2142.1077,0.1253286
signed_distance_to_margin,None,1983.7058,0.24774548
signed_distance_to_margin,bed_elevation,1936.9067,0.2896116
signed_distance_to_margin,signed_distance_to_margin,1981.155,0.24964827
signed_distance_to_margin,distance_to_coast,1984.3655,0.2468647
signed_distance_to_margin,bed_slope,1979.627,0.25097534
signed_distance_to_margin,bed_roughness,1978.6472,0.2495789
signed_distance_to_margin,bed_elevation + signed_distance_to_margin,1940.4039,0.2856978
signed_distance_to_margin,bed_elevation + distance_to_coast,1964.0151,0.2622306
signed_distance_to_margin,bed_elevation + bed_slope,1944.1134,0.28320158
signed_distance_to_margin,bed_elevation + bed_roughness,1941.0396,0.2858143
signed_distance_to_margin,signed_distance_to_margin + distance_to_coast,1987.4185,0.24526024
signed_distance_to_margin,signed_distance_to_margin + bed_slope,1975.5178,0.25369382
signed_distance_to_margin,signed_distance_to_margin + bed_roughness,1987.1089,0.2415609
signed_distance_to_margin,distance_to_coast + bed_slope,1977.9263,0.25127468
signed_distance_to_margin,distance_to_coast + bed_roughness,1979.2463,0.2506866
signed_distance_to_margin,bed_slope + bed_roughness,1951.891,0.27587897
signed_distance_to_margin,bed_elevation + signed_distance_to_margin + distance_to_coast,1964.0048,0.26231676
signed_distance_to_margin,bed_elevation + signed_distance_to_margin + bed_slope,1948.6394,0.27810267
signed_distance_to_margin,bed_elevation + signed_distance_to_margin + bed_roughness,1940.7368,0.28634188
signed_distance_to_margin,bed_elevation + distance_to_coast + bed_slope,1961.8629,0.26487708
signed_distance_to_margin,bed_elevation + distance_to_coast + bed_roughness,1950.9607,0.27081686
signed_distance_to_margin,bed_elevation + bed_slope + bed_roughness,1941.9266,0.2858175
signed_distance_to_margin,signed_distance_to_margin + distance_to_coast + bed_slope,1971.1014,0.25942448
signed_distance_to_margin,signed_distance_to_margin + distance_to_coast + bed_roughness,1978.9386,0.2508391
signed_distance_to_margin,signed_distance_to_margin + bed_slope + bed_roughness,1971.4908,0.2566735
signed_distance_to_margin,distance_to_coast + bed_slope + bed_roughness,2010.3625,0.21774742
signed_distance_to_margin,bed_elevation + signed_distance_to_margin + distance_to_coast + bed_slope,1963.4265,0.26298955
signed_distance_to_margin,bed_elevation + signed_distance_to_margin + distance_to_coast + bed_roughness,1962.1227,0.26467165
signed_distance_to_margin,bed_elevation + signed_distance_to_margin + bed_slope + bed_roughness,1940.475,0.28690037
signed_distance_to_margin,bed_elevation + distance_to_coast + bed_slope + bed_roughness,1962.5598,0.26420456
signed_distance_to_margin,signed_distance_to_margin + distance_to_coast + bed_slope + bed_roughness,2012.6477,0.21614122
signed_distance_to_margin,bed_elevation + signed_distance_to_margin + distance_to_coast + bed_slope + bed_roughness,1999.7275,0.22585505
distance_to_coast,None,2114.8945,0.14170897
distance_to_coast,bed_elevation,2107.5684,0.14983654
distance_to_coast,signed_distance_to_margin,2082.1167,0.17921105
distance_to_coast,distance_to_coast,2124.89,0.13353613
distance_to_coast,bed_slope,2126.6787,0.13475001
distance_to_coast,bed_roughness,2134.5405,0.1246036
distance_to_coast,bed_elevation + signed_distance_to_margin,2073.0977,0.18546775
distance_to_coast,bed_elevation + distance_to_coast,2127.4175,0.13396013
distance_to_coast,bed_elevation + bed_slope,2112.897,0.1451891
distance_to_coast,bed_elevation + bed_roughness,2130.9756,0.12743679
distance_to_coast,signed_distance_to_margin + distance_to_coast,2103.1877,0.15938538
distance_to_coast,signed_distance_to_margin + bed_slope,2100.5005,0.16512865
distance_to_coast,signed_distance_to_margin + bed_roughness,2152.2666,0.1098063
distance_to_coast,distance_to_coast + bed_slope,2134.8613,0.12785926
distance_to_coast,distance_to_coast + bed_roughness,2152.0264,0.10408977
distance_to_coast,bed_slope + bed_roughness,2141.2346,0.11906579
distance_to_coast,bed_elevation + signed_distance_to_margin + distance_to_coast,2099.0466,0.16092572
distance_to_coast,bed_elevation + signed_distance_to_margin + bed_slope,2089.44,0.17136377
distance_to_coast,bed_elevation + signed_distance_to_margin + bed_roughness,2133.3608,0.12224135
distance_to_coast,bed_elevation + distance_to_coast + bed_slope,2124.049,0.13541582
distance_to_coast,bed_elevation + distance_to_coast + bed_roughness,2141.7363,0.11612439
distance_to_coast,bed_elevation + bed_slope + bed_roughness,2125.4683,0.13467327
distance_to_coast,signed_distance_to_margin + distance_to_coast + bed_slope,2130.1624,0.13384914
distance_to_coast,signed_distance_to_margin + distance_to_coast + bed_roughness,2153.7659,0.105563104
distance_to_coast,signed_distance_to_margin + bed_slope + bed_roughness,2151.427,0.10614464
distance_to_coast,distance_to_coast + bed_slope + bed_roughness,2158.3474,0.100417644
distance_to_coast,bed_elevation + signed_distance_to_margin + distance_to_coast + bed_slope,2121.617,0.13938865
distance_to_coast,bed_elevation + signed_distance_to_margin + distance_to_coast + bed_roughness,2145.1646,0.112843156
distance_to_coast,bed_elevation + signed_distance_to_margin + bed_slope + bed_roughness,2144.1113,0.11402017
distance_to_coast,bed_elevation + distance_to_coast + bed_slope + bed_roughness,2148.2537,0.10914987
distance_to_coast,signed_distance_to_margin + distance_to_coast + bed_slope + bed_roughness,2159.3481,0.10177994
distance_to_coast,bed_elevation + signed_distance_to_margin + distance_to_coast + bed_slope + bed_roughness,2150.9626,0.11036751
bed_slope,None,2074.6816,0.19330585
bed_slope,bed_elevation,2112.4001,0.15786403
bed_slope,signed_distance_to_margin,2030.5381,0.23922303
bed_slope,distance_to_coast,2137.6416,0.12774348
bed_slope,bed_slope,2115.8567,0.15350795
bed_slope,bed_roughness,2101.7542,0.1658743
bed_slope,bed_elevation + signed_distance_to_margin,2038.1471,0.23250672
bed_slope,bed_elevation + distance_to_coast,2135.5815,0.13049632
bed_slope,bed_elevation + bed_slope,2123.198,0.14886987
bed_slope,bed_elevation + bed_roughness,2117.6484,0.15420899
bed_slope,signed_distance_to_margin + distance_to_coast,2066.5254,0.20314458
bed_slope,signed_distance_to_margin + bed_slope,2039.3691,0.23316163
bed_slope,signed_distance_to_margin + bed_roughness,2032.3042,0.23726079
bed_slope,distance_to_coast + bed_slope,2149.8628,0.118171275
bed_slope,distance_to_coast + bed_roughness,2145.592,0.12102994
bed_slope,bed_slope + bed_roughness,2118.7195,0.15130278
bed_slope,bed_elevation + signed_distance_to_margin + distance_to_coast,2059.5562,0.21120933
bed_slope,bed_elevation + signed_distance_to_margin + bed_slope,2052.246,0.22153226
bed_slope,bed_elevation + signed_distance_to_margin + bed_roughness,2045.3813,0.22770369
bed_slope,bed_elevation + distance_to_coast + bed_slope,2140.6362,0.12796703
bed_slope,bed_elevation + distance_to_coast + bed_roughness,2138.902,0.12937307
bed_slope,bed_elevation + bed_slope + bed_roughness,2128.8652,0.14504299
bed_slope,signed_distance_to_margin + distance_to_coast + bed_slope,2082.9365,0.19177365
bed_slope,signed_distance_to_margin + distance_to_coast + bed_roughness,2134.331,0.13265735
bed_slope,signed_distance_to_margin + bed_slope + bed_roughness,2043.6765,0.22923669
bed_slope,distance_to_coast + bed_slope + bed_roughness,2149.2625,0.11853701
bed_slope,bed_elevation + signed_distance_to_margin + distance_to_coast + bed_slope,2068.4114,0.2044895
bed_slope,bed_elevation + signed_distance_to_margin + distance_to_coast + bed_roughness,2132.7197,0.13449878
bed_slope,bed_elevation + signed_distance_to_margin + bed_slope + bed_roughness,2053.7866,0.2203449
bed_slope,bed_elevation + distance_to_coast + bed_slope + bed_roughness,2145.8281,0.12393755
bed_slope,signed_distance_to_margin + distance_to_coast + bed_slope + bed_roughness,2143.6086,0.12528107
bed_slope,bed_elevation + signed_distance_to_margin + distance_to_coast + bed_slope + bed_roughness,2148.5662,0.12100613
bed_roughness,None,2073.7854,0.1937367
bed_roughness,bed_elevation,2111.6045,0.1590338
bed_roughness,signed_distance_to_margin,2025.8599,0.24288592
bed_roughness,distance_to_coast,2135.7563,0.12961325
bed_roughness,bed_slope,2114.3708,0.15576965
bed_roughness,bed_roughness,2107.2178,0.1600109
bed_roughness,bed_elevation + signed_distance_to_margin,2039.5585,0.23184374
bed_roughness,bed_elevation + distance_to_coast,2133.5486,0.13414583
bed_roughness,bed_elevation + bed_slope,2119.036,0.1538215
bed_roughness,bed_elevation + bed_roughness,2119.0713,0.15255275
bed_roughness,signed_distance_to_margin + distance_to_coast,2066.2188,0.2039347
bed_roughness,signed_distance_to_margin + bed_slope,2046.7136,0.22581953
bed_roughness,signed_distance_to_margin + bed_roughness,2042.5944,0.22839767
bed_roughness,distance_to_coast + bed_slope,2149.3662,0.12079087
bed_roughness,distance_to_coast + bed_roughness,2140.8518,0.1252878
bed_roughness,bed_slope + bed_roughness,2117.292,0.15262628
bed_roughness,bed_elevation + signed_distance_to_margin + distance_to_coast,2065.9692,0.20508435
bed_roughness,bed_elevation + signed_distance_to_margin + bed_slope,2060.4458,0.21386749
bed_roughness,bed_elevation + signed_distance_to_margin + bed_roughness,2055.8237,0.21780348
bed_roughness,bed_elevation + distance_to_coast + bed_slope,2143.79,0.12800378
bed_roughness,bed_elevation + distance_to_coast + bed_roughness,2138.987,0.13039926
bed_roughness,bed_elevation + bed_slope + bed_roughness,2121.7612,0.15158197
bed_roughness,signed_distance_to_margin + distance_to_coast + bed_slope,2077.1345,0.19671986
bed_roughness,signed_distance_to_margin + distance_to_coast + bed_roughness,2140.8538,0.12587109
bed_roughness,signed_distance_to_margin + bed_slope + bed_roughness,2050.9482,0.22202778
bed_roughness,distance_to_coast + bed_slope + bed_roughness,2148.5447,0.12129596
bed_roughness,bed_elevation + signed_distance_to_margin + distance_to_coast + bed_slope,2087.9622,0.18641168
bed_roughness,bed_elevation + signed_distance_to_margin + distance_to_coast + bed_roughness,2146.9248,0.12145516
bed_roughness,bed_elevation + signed_distance_to_margin + bed_slope + bed_roughness,2067.9424,0.20670652
bed_roughness,bed_elevation + distance_to_coast + bed_slope + bed_roughness,2140.8896,0.12894541
bed_roughness,signed_distance_to_margin + distance_to_coast + bed_slope + bed_roughness,2151.798,0.11798176
bed_roughness,bed_elevation + signed_distance_to_margin + distance_to_coast + bed_slope + bed_roughness,2147.2068,0.121311694
bed_elevation + signed_distance_to_margin,None,1994.4814,0.2326194
bed_elevation + signed_distance_to_margin,bed_elevation,1941.0339,0.28567168
bed_elevation + signed_distance_to_margin,signed_distance_to_margin,1976.1686,0.252679
bed_elevation + signed_distance_to_margin,distance_to_coast,1978.0408,0.25113901
bed_elevation + signed_distance_to_margin,bed_slope,1975.7961,0.25429463
bed_elevation + signed_distance_to_margin,bed_roughness,1971.3198,0.2562978
bed_elevation + signed_distance_to_margin,bed_elevation + signed_distance_to_margin,1941.7812,0.2850465
bed_elevation + signed_distance_to_margin,bed_elevation + distance_to_coast,1969.5702,0.2564394
bed_elevation + signed_distance_to_margin,bed_elevation + bed_slope,1930.633,0.29177868
bed_elevation + signed_distance_to_margin,bed_elevation + bed_roughness,1942.1492,0.28499436
bed_elevation + signed_distance_to_margin,signed_distance_to_margin + distance_to_coast,1983.5618,0.24577191
bed_elevation + signed_distance_to_margin,signed_distance_to_margin + bed_slope,1979.1746,0.25200176
bed_elevation + signed_distance_to_margin,signed_distance_to_margin + bed_roughness,1980.3665,0.24457353
bed_elevation + signed_distance_to_margin,distance_to_coast + bed_slope,1972.676,0.2537008
bed_elevation + signed_distance_to_margin,distance_to_coast + bed_roughness,1974.6365,0.2539308
bed_elevation + signed_distance_to_margin,bed_slope + bed_roughness,1969.229,0.25895193
bed_elevation + signed_distance_to_margin,bed_elevation + signed_distance_to_margin + distance_to_coast,1963.2432,0.26309744
bed_elevation + signed_distance_to_margin,bed_elevation + signed_distance_to_margin + bed_slope,1943.4719,0.2841367
bed_elevation + signed_distance_to_margin,bed_elevation + signed_distance_to_margin + bed_roughness,1943.3188,0.28508064
bed_elevation + signed_distance_to_margin,bed_elevation + distance_to_coast + bed_slope,1960.1848,0.2663819
bed_elevation + signed_distance_to_margin,bed_elevation + distance_to_coast + bed_roughness,1965.3523,0.26115105
bed_elevation + signed_distance_to_margin,bed_elevation + bed_slope + bed_roughness,1942.2305,0.2858514
bed_elevation + signed_distance_to_margin,signed_distance_to_margin + distance_to_coast + bed_slope,1972.4023,0.255315
bed_elevation + signed_distance_to_margin,signed_distance_to_margin + distance_to_coast + bed_roughness,1977.9603,0.25203022
bed_elevation + signed_distance_to_margin,signed_distance_to_margin + bed_slope + bed_roughness,1972.6626,0.25596556
bed_elevation + signed_distance_to_margin,distance_to_coast + bed_slope + bed_roughness,2002.6565,0.22254866
bed_elevation + signed_distance_to_margin,bed_elevation + signed_distance_to_margin + distance_to_coast + bed_slope,1963.1973,0.26391008
bed_elevation + signed_distance_to_margin,bed_elevation + signed_distance_to_margin + distance_to_coast + bed_roughness,1963.1351,0.26366174
bed_elevation + signed_distance_to_margin,bed_elevation + signed_distance_to_margin + bed_slope + bed_roughness,1940.5582,0.28853413
bed_elevation + signed_distance_to_margin,bed_elevation + distance_to_coast + bed_slope + bed_roughness,1961.6042,0.26489672
bed_elevation + signed_distance_to_margin,signed_distance_to_margin + distance_to_coast + bed_slope + bed_roughness,1975.7856,0.25347096
bed_elevation + signed_distance_to_margin,bed_elevation + signed_distance_to_margin + distance_to_coast + bed_slope + bed_roughness,1964.4119,0.26336324
bed_elevation + distance_to_coast,None,2119.1196,0.13587788
bed_elevation + distance_to_coast,bed_elevation,2111.3835,0.14562103
bed_elevation + distance_to_coast,signed_distance_to_margin,2069.7952,0.19089705
bed_elevation + distance_to_coast,distance_to_coast,2134.188,0.12254849
bed_elevation + distance_to_coast,bed_slope,2129.0906,0.12924555
bed_elevation + distance_to_coast,bed_roughness,2135.078,0.12237644
bed_elevation + distance_to_coast,bed_elevation + signed_distance_to_margin,2062.5164,0.19376469
bed_elevation + distance_to_coast,bed_elevation + distance_to_coast,2118.2612,0.13366711
bed_elevation + distance_to_coast,bed_elevation + bed_slope,2114.4082,0.14531043
bed_elevation + distance_to_coast,bed_elevation + bed_roughness,2118.0503,0.14027512
bed_elevation + distance_to_coast,signed_distance_to_margin + distance_to_coast,2098.9956,0.16141632
bed_elevation + distance_to_coast,signed_distance_to_margin + bed_slope,2096.0833,0.16896775
bed_elevation + distance_to_coast,signed_distance_to_margin + bed_roughness,2142.9238,0.11483145
bed_elevation + distance_to_coast,distance_to_coast + bed_slope,2138.206,0.12047273
bed_elevation + distance_to_coast,distance_to_coast + bed_roughness,2159.2485,0.09496316
bed_elevation + distance_to_coast,bed_slope + bed_roughness,2144.9297,0.11918363
bed_elevation + distance_to_coast,bed_elevation + signed_distance_to_margin + distance_to_coast,2148.134,0.1198729
bed_elevation + distance_to_coast,bed_elevation + signed_distance_to_margin + bed_slope,2090.6697,0.17071688
bed_elevation + distance_to_coast,bed_elevation + signed_distance_to_margin + bed_roughness,2137.8967,0.11859137
bed_elevation + distance_to_coast,bed_elevation + distance_to_coast + bed_slope,2130.4438,0.12759763
bed_elevation + distance_to_coast,bed_elevation + distance_to_coast + bed_roughness,2150.0642,0.10518801
bed_elevation + distance_to_coast,bed_elevation + bed_slope + bed_roughness,2119.7578,0.1420773
bed_elevation + distance_to_coast,signed_distance_to_margin + distance_to_coast + bed_slope,2115.5117,0.14683571
bed_elevation + distance_to_coast,signed_distance_to_margin + distance_to_coast + bed_roughness,2150.852,0.10534969
bed_elevation + distance_to_coast,signed_distance_to_margin + bed_slope + bed_roughness,2135.6423,0.118000716
bed_elevation + distance_to_coast,distance_to_coast + bed_slope + bed_roughness,2163.5615,0.09259227
bed_elevation + distance_to_coast,bed_elevation + signed_distance_to_margin + distance_to_coast + bed_slope,2108.7446,0.13989678
bed_elevation + distance_to_coast,bed_elevation + signed_distance_to_margin + distance_to_coast + bed_roughness,2149.2236,0.10716316
bed_elevation + distance_to_coast,bed_elevation + signed_distance_to_margin + bed_slope + bed_roughness,2128.3735,0.12060481
bed_elevation + distance_to_coast,bed_elevation + distance_to_coast + bed_slope + bed_roughness,2143.0356,0.109291494
bed_elevation + distance_to_coast,signed_distance_to_margin + distance_to_coast + bed_slope + bed_roughness,2158.5742,0.09904447
bed_elevation + distance_to_coast,bed_elevation + signed_distance_to_margin + distance_to_coast + bed_slope + bed_roughness,2156.3127,0.102189094
bed_elevation + bed_slope,None,2117.142,0.14804536
bed_elevation + bed_slope,bed_elevation,2115.4446,0.15265164
bed_elevation + bed_slope,signed_distance_to_margin,2052.7712,0.21663341
bed_elevation + bed_slope,distance_to_coast,2142.4214,0.122742385
bed_elevation + bed_slope,bed_slope,2156.945,0.10907745
bed_elevation + bed_slope,bed_roughness,2127.1284,0.13904539
bed_elevation + bed_slope,bed_elevation + signed_distance_to_margin,2052.7466,0.217426
bed_elevation + bed_slope,bed_elevation + distance_to_coast,2128.792,0.1371161
bed_elevation + bed_slope,bed_elevation + bed_slope,2120.3503,0.15009367
bed_elevation + bed_slope,bed_elevation + bed_roughness,2117.4712,0.1519222
bed_elevation + bed_slope,signed_distance_to_margin + distance_to_coast,2064.83,0.20703706
bed_elevation + bed_slope,signed_distance_to_margin + bed_slope,2064.7432,0.20966494
bed_elevation + bed_slope,signed_distance_to_margin + bed_roughness,2058.9404,0.21155465
bed_elevation + bed_slope,distance_to_coast + bed_slope,2153.8728,0.114782155
bed_elevation + bed_slope,distance_to_coast + bed_roughness,2146.5173,0.11984366
bed_elevation + bed_slope,bed_slope + bed_roughness,2136.7058,0.13264403
bed_elevation + bed_slope,bed_elevation + signed_distance_to_margin + distance_to_coast,2122.6826,0.14338738
bed_elevation + bed_slope,bed_elevation + signed_distance_to_margin + bed_slope,2104.29,0.16515121
bed_elevation + bed_slope,bed_elevation + signed_distance_to_margin + bed_roughness,2105.5068,0.16424176
bed_elevation + bed_slope,bed_elevation + distance_to_coast + bed_slope,2128.7156,0.13857684
bed_elevation + bed_slope,bed_elevation + distance_to_coast + bed_roughness,2127.206,0.14028561
bed_elevation + bed_slope,bed_elevation + bed_slope + bed_roughness,2117.7422,0.15358853
bed_elevation + bed_slope,signed_distance_to_margin + distance_to_coast + bed_slope,2077.4727,0.19665882
bed_elevation + bed_slope,signed_distance_to_margin + distance_to_coast + bed_roughness,2137.569,0.13053918
bed_elevation + bed_slope,signed_distance_to_margin + bed_slope + bed_roughness,2069.4014,0.20387033
bed_elevation + bed_slope,distance_to_coast + bed_slope + bed_roughness,2148.5933,0.11801058
bed_elevation + bed_slope,bed_elevation + signed_distance_to_margin + distance_to_coast + bed_slope,2131.4536,0.136845
bed_elevation + bed_slope,bed_elevation + signed_distance_to_margin + distance_to_coast + bed_roughness,2148.376,0.11733648
bed_elevation + bed_slope,bed_elevation + signed_distance_to_margin + bed_slope + bed_roughness,2115.57,0.15525648
bed_elevation + bed_slope,bed_elevation + distance_to_coast + bed_slope + bed_roughness,2138.8726,0.12970394
bed_elevation + bed_slope,signed_distance_to_margin + distance_to_coast + bed_slope + bed_roughness,2145.2937,0.12412286
bed_elevation + bed_slope,bed_elevation + signed_distance_to_margin + distance_to_coast + bed_slope + bed_roughness,2149.4917,0.11590582
bed_elevation + bed_roughness,None,2116.749,0.1482121
bed_elevation + bed_roughness,bed_elevation,2112.775,0.15522861
bed_elevation + bed_roughness,signed_distance_to_margin,2047.9037,0.22122827
bed_elevation + bed_roughness,distance_to_coast,2141.7998,0.12240139
bed_elevation + bed_roughness,bed_slope,2131.722,0.13753489
bed_elevation + bed_roughness,bed_roughness,2124.9001,0.14126065
bed_elevation + bed_roughness,bed_elevation + signed_distance_to_margin,2108.913,0.15887329
bed_elevation + bed_roughness,bed_elevation + distance_to_coast,2126.6492,0.13954043
bed_elevation + bed_roughness,bed_elevation + bed_slope,2119.8293,0.15213263
bed_elevation + bed_roughness,bed_elevation + bed_roughness,2118.9324,0.15226701
bed_elevation + bed_roughness,signed_distance_to_margin + distance_to_coast,2063.564,0.20664611
bed_elevation + bed_roughness,signed_distance_to_margin + bed_slope,2072.6484,0.20047817
bed_elevation + bed_roughness,signed_distance_to_margin + bed_roughness,2061.047,0.20969665
bed_elevation + bed_roughness,distance_to_coast + bed_slope,2157.9612,0.11013347
bed_elevation + bed_roughness,distance_to_coast + bed_roughness,2144.759,0.12237075
bed_elevation + bed_roughness,bed_slope + bed_roughness,2132.6357,0.13708067
bed_elevation + bed_roughness,bed_elevation + signed_distance_to_margin + distance_to_coast,2141.815,0.1236943
bed_elevation + bed_roughness,bed_elevation + signed_distance_to_margin + bed_slope,2112.7646,0.15666214
bed_elevation + bed_roughness,bed_elevation + signed_distance_to_margin + bed_roughness,2107.4297,0.16215998
bed_elevation + bed_roughness,bed_elevation + distance_to_coast + bed_slope,2132.176,0.13661698
bed_elevation + bed_roughness,bed_elevation + distance_to_coast + bed_roughness,2128.1868,0.13971895
bed_elevation + bed_roughness,bed_elevation + bed_slope + bed_roughness,2120.588,0.15152928
bed_elevation + bed_roughness,signed_distance_to_margin + distance_to_coast + bed_slope,2090.5598,0.18494493
bed_elevation + bed_roughness,signed_distance_to_margin + distance_to_coast + bed_roughness,2142.7014,0.12506458
bed_elevation + bed_roughness,signed_distance_to_margin + bed_slope + bed_roughness,2086.5527,0.18669486
bed_elevation + bed_roughness,distance_to_coast + bed_slope + bed_roughness,2152.1943,0.11704907
bed_elevation + bed_roughness,bed_elevation + signed_distance_to_margin + distance_to_coast + bed_slope,2130.2646,0.13856906
bed_elevation + bed_roughness,bed_elevation + signed_distance_to_margin + distance_to_coast + bed_roughness,2147.2754,0.118667126
bed_elevation + bed_roughness,bed_elevation + signed_distance_to_margin + bed_slope + bed_roughness,2108.3672,0.16064084
bed_elevation + bed_roughness,bed_elevation + distance_to_coast + bed_slope + bed_roughness,2130.4648,0.13857245
bed_elevation + bed_roughness,signed_distance_to_margin + distance_to_coast + bed_slope + bed_roughness,2150.186,0.11901006
bed_elevation + bed_roughness,bed_elevation + signed_distance_to_margin + distance_to_coast + bed_slope + bed_roughness,2177.9917,0.08663744
signed_distance_to_margin + distance_to_coast,None,1983.9647,0.24351376
signed_distance_to_margin + distance_to_coast,bed_elevation,1952.0996,0.2690053
signed_distance_to_margin + distance_to_coast,signed_distance_to_margin,1985.178,0.24281263
signed_distance_to_margin + distance_to_coast,distance_to_coast,1972.194,0.25000092
signed_distance_to_margin + distance_to_coast,bed_slope,1978.0828,0.24869946
signed_distance_to_margin + distance_to_coast,bed_roughness,1980.3123,0.2458883
signed_distance_to_margin + distance_to_coast,bed_elevation + signed_distance_to_margin,1965.4629,0.25532854
signed_distance_to_margin + distance_to_coast,bed_elevation + distance_to_coast,1985.4133,0.23407942
signed_distance_to_margin + distance_to_coast,bed_elevation + bed_slope,1959.176,0.2629046
signed_distance_to_margin + distance_to_coast,bed_elevation + bed_roughness,1956.5759,0.26489148
signed_distance_to_margin + distance_to_coast,signed_distance_to_margin + distance_to_coast,2001.7267,0.22557873
signed_distance_to_margin + distance_to_coast,signed_distance_to_margin + bed_slope,1981.2202,0.24563819
signed_distance_to_margin + distance_to_coast,signed_distance_to_margin + bed_roughness,1980.7366,0.24591026
signed_distance_to_margin + distance_to_coast,distance_to_coast + bed_slope,1977.9703,0.24775675
signed_distance_to_margin + distance_to_coast,distance_to_coast + bed_roughness,2005.9733,0.2192063
signed_distance_to_margin + distance_to_coast,bed_slope + bed_roughness,1980.8427,0.24626687
signed_distance_to_margin + distance_to_coast,bed_elevation + signed_distance_to_margin + distance_to_coast,1956.8123,0.26305923
signed_distance_to_margin + distance_to_coast,bed_elevation + signed_distance_to_margin + bed_slope,1959.4431,0.26292345
signed_distance_to_margin + distance_to_coast,bed_elevation + signed_distance_to_margin + bed_roughness,1949.1554,0.2723348
signed_distance_to_margin + distance_to_coast,bed_elevation + distance_to_coast + bed_slope,1965.9253,0.26005268
signed_distance_to_margin + distance_to_coast,bed_elevation + distance_to_coast + bed_roughness,1990.9758,0.2292333
signed_distance_to_margin + distance_to_coast,bed_elevation + bed_slope + bed_roughness,1959.5088,0.26302123
signed_distance_to_margin + distance_to_coast,signed_distance_to_margin + distance_to_coast + bed_slope,1996.7451,0.22983494
signed_distance_to_margin + distance_to_coast,signed_distance_to_margin + distance_to_coast + bed_roughness,2009.5581,0.21573257
signed_distance_to_margin + distance_to_coast,signed_distance_to_margin + bed_slope + bed_roughness,1992.2205,0.23998481
signed_distance_to_margin + distance_to_coast,distance_to_coast + bed_slope + bed_roughness,2008.3739,0.21705455
signed_distance_to_margin + distance_to_coast,bed_elevation + signed_distance_to_margin + distance_to_coast + bed_slope,1993.0791,0.23265284
signed_distance_to_margin + distance_to_coast,bed_elevation + signed_distance_to_margin + distance_to_coast + bed_roughness,1986.0759,0.23145682
signed_distance_to_margin + distance_to_coast,bed_elevation + signed_distance_to_margin + bed_slope + bed_roughness,1956.1869,0.26570758
signed_distance_to_margin + distance_to_coast,bed_elevation + distance_to_coast + bed_slope + bed_roughness,1993.4102,0.22755918
signed_distance_to_margin + distance_to_coast,signed_distance_to_margin + distance_to_coast + bed_slope + bed_roughness,1981.1628,0.2463682
signed_distance_to_margin + distance_to_coast,bed_elevation + signed_distance_to_margin + distance_to_coast + bed_slope + bed_roughness,1991.7839,0.22863221
signed_distance_to_margin + bed_slope,None,1978.3673,0.25073656
signed_distance_to_margin + bed_slope,bed_elevation,1944.1702,0.2826503
signed_distance_to_margin + bed_slope,signed_distance_to_margin,1979.5125,0.25020963
signed_distance_to_margin + bed_slope,distance_to_coast,1983.5854,0.24654105
signed_distance_to_margin + bed_slope,bed_slope,1978.24,0.2519628
signed_distance_to_margin + bed_slope,bed_roughness,1975.6262,0.2533719
signed_distance_to_margin + bed_slope,bed_elevation + signed_distance_to_margin,1940.2544,0.28412712
signed_distance_to_margin + bed_slope,bed_elevation + distance_to_coast,1968.4679,0.2582926
signed_distance_to_margin + bed_slope,bed_elevation + bed_slope,1938.2046,0.28918207
signed_distance_to_margin + bed_slope,bed_elevation + bed_roughness,1956.9624,0.27713284
signed_distance_to_margin + bed_slope,signed_distance_to_margin + distance_to_coast,1985.457,0.24555388
signed_distance_to_margin + bed_slope,signed_distance_to_margin + bed_slope,1975.4473,0.25341898
signed_distance_to_margin + bed_slope,signed_distance_to_margin + bed_roughness,1970.7137,0.25826386
signed_distance_to_margin + bed_slope,distance_to_coast + bed_slope,1980.0967,0.24985486
signed_distance_to_margin + bed_slope,distance_to_coast + bed_roughness,1979.5046,0.24973497
signed_distance_to_margin + bed_slope,bed_slope + bed_roughness,1987.4219,0.24801078
signed_distance_to_margin + bed_slope,bed_elevation + signed_distance_to_margin + distance_to_coast,1965.0317,0.26124388
signed_distance_to_margin + bed_slope,bed_elevation + signed_distance_to_margin + bed_slope,1955.8042,0.2775511
signed_distance_to_margin + bed_slope,bed_elevation + signed_distance_to_margin + bed_roughness,1948.2983,0.2790868
signed_distance_to_margin + bed_slope,bed_elevation + distance_to_coast + bed_slope,1961.4497,0.26490933
signed_distance_to_margin + bed_slope,bed_elevation + distance_to_coast + bed_roughness,1964.169,0.26255357
signed_distance_to_margin + bed_slope,bed_elevation + bed_slope + bed_roughness,1942.3495,0.2856037
signed_distance_to_margin + bed_slope,signed_distance_to_margin + distance_to_coast + bed_slope,1982.1952,0.24857923
signed_distance_to_margin + bed_slope,signed_distance_to_margin + distance_to_coast + bed_roughness,1983.877,0.2465302
signed_distance_to_margin + bed_slope,signed_distance_to_margin + bed_slope + bed_roughness,1975.0387,0.254375
signed_distance_to_margin + bed_slope,distance_to_coast + bed_slope + bed_roughness,1981.3232,0.24920478
signed_distance_to_margin + bed_slope,bed_elevation + signed_distance_to_margin + distance_to_coast + bed_slope,1963.0684,0.26293388
signed_distance_to_margin + bed_slope,bed_elevation + signed_distance_to_margin + distance_to_coast + bed_roughness,1964.3809,0.26218903
signed_distance_to_margin + bed_slope,bed_elevation + signed_distance_to_margin + bed_slope + bed_roughness,1945.4194,0.28211284
signed_distance_to_margin + bed_slope,bed_elevation + distance_to_coast + bed_slope + bed_roughness,1972.248,0.2545324
signed_distance_to_margin + bed_slope,signed_distance_to_margin + distance_to_coast + bed_slope + bed_roughness,1976.918,0.25131568
signed_distance_to_margin + bed_slope,bed_elevation + signed_distance_to_margin + distance_to_coast + bed_slope + bed_roughness,1963.9275,0.26267952
signed_distance_to_margin + bed_roughness,None,1977.8074,0.25098222
signed_distance_to_margin + bed_roughness,bed_elevation,1940.5824,0.2857409
signed_distance_to_margin + bed_roughness,signed_distance_to_margin,1976.7356,0.25082037
signed_distance_to_margin + bed_roughness,distance_to_coast,1987.2153,0.24452168
signed_distance_to_margin + bed_roughness,bed_slope,1974.5134,0.25464857
signed_distance_to_margin + bed_roughness,bed_roughness,1985.4685,0.24821568
signed_distance_to_margin + bed_roughness,bed_elevation + signed_distance_to_margin,1941.8757,0.28464404
signed_distance_to_margin + bed_roughness,bed_elevation + distance_to_coast,1966.8013,0.25979692
signed_distance_to_margin + bed_roughness,bed_elevation + bed_slope,1941.289,0.28606427
signed_distance_to_margin + bed_roughness,bed_elevation + bed_roughness,1934.2319,0.28982675
signed_distance_to_margin + bed_roughness,signed_distance_to_margin + distance_to_coast,1988.5748,0.24326003
signed_distance_to_margin + bed_roughness,signed_distance_to_margin + bed_slope,1981.2327,0.24815032
signed_distance_to_margin + bed_roughness,signed_distance_to_margin + bed_roughness,1974.0792,0.25461587
signed_distance_to_margin + bed_roughness,distance_to_coast + bed_slope,1980.4648,0.2494576
signed_distance_to_margin + bed_roughness,distance_to_coast + bed_roughness,1969.721,0.2549793
signed_distance_to_margin + bed_roughness,bed_slope + bed_roughness,1973.4424,0.25599796
signed_distance_to_margin + bed_roughness,bed_elevation + signed_distance_to_margin + distance_to_coast,1967.374,0.2594472
signed_distance_to_margin + bed_roughness,bed_elevation + signed_distance_to_margin + bed_slope,1941.0283,0.28553003
signed_distance_to_margin + bed_roughness,bed_elevation + signed_distance_to_margin + bed_roughness,1946.3732,0.2831785
signed_distance_to_margin + bed_roughness,bed_elevation + distance_to_coast + bed_slope,1957.1901,0.27019298
signed_distance_to_margin + bed_roughness,bed_elevation + distance_to_coast + bed_roughness,1963.0046,0.2637767
signed_distance_to_margin + bed_roughness,bed_elevation + bed_slope + bed_roughness,1933.8145,0.2923251
signed_distance_to_margin + bed_roughness,signed_distance_to_margin + distance_to_coast + bed_slope,1982.2325,0.24836424
signed_distance_to_margin + bed_roughness,signed_distance_to_margin + distance_to_coast + bed_roughness,1981.4443,0.24867862
signed_distance_to_margin + bed_roughness,signed_distance_to_margin + bed_slope + bed_roughness,1972.1252,0.25748688
signed_distance_to_margin + bed_roughness,distance_to_coast + bed_slope + bed_roughness,1974.694,0.25284594
signed_distance_to_margin + bed_roughness,bed_elevation + signed_distance_to_margin + distance_to_coast + bed_slope,1964.5911,0.262564
signed_distance_to_margin + bed_roughness,bed_elevation + signed_distance_to_margin + distance_to_coast + bed_roughness,1963.2339,0.26300654
signed_distance_to_margin + bed_roughness,bed_elevation + signed_distance_to_margin + bed_slope + bed_roughness,1941.5723,0.2861741
signed_distance_to_margin + bed_roughness,bed_elevation + distance_to_coast + bed_slope + bed_roughness,1966.1437,0.26116896
signed_distance_to_margin + bed_roughness,signed_distance_to_margin + distance_to_coast + bed_slope + bed_roughness,1979.0945,0.25082183
signed_distance_to_margin + bed_roughness,bed_elevation + signed_distance_to_margin + distance_to_coast + bed_slope + bed_roughness,2002.4265,0.22471765
distance_to_coast + bed_slope,None,2130.501,0.12503445
distance_to_coast + bed_slope,bed_elevation,2118.51,0.13693398
distance_to_coast + bed_slope,signed_distance_to_margin,2089.8564,0.17163911
distance_to_coast + bed_slope,distance_to_coast,2131.4888,0.1256496
distance_to_coast + bed_slope,bed_slope,2141.0076,0.11806789
distance_to_coast + bed_slope,bed_roughness,2137.0957,0.117592305
distance_to_coast + bed_slope,bed_elevation + signed_distance_to_margin,2082.8433,0.1757884
distance_to_coast + bed_slope,bed_elevation + distance_to_coast,2125.4592,0.13084543
distance_to_coast + bed_slope,bed_elevation + bed_slope,2123.3052,0.13377383
distance_to_coast + bed_slope,bed_elevation + bed_roughness,2139.3457,0.11650261
distance_to_coast + bed_slope,signed_distance_to_margin + distance_to_coast,2121.0464,0.13848728
distance_to_coast + bed_slope,signed_distance_to_margin + bed_slope,2137.2947,0.12242085
distance_to_coast + bed_slope,signed_distance_to_margin + bed_roughness,2149.852,0.105858445
distance_to_coast + bed_slope,distance_to_coast + bed_slope,2145.0093,0.11622125
distance_to_coast + bed_slope,distance_to_coast + bed_roughness,2139.0454,0.1187872
distance_to_coast + bed_slope,bed_slope + bed_roughness,2149.084,0.10966012
distance_to_coast + bed_slope,bed_elevation + signed_distance_to_margin + distance_to_coast,2128.3755,0.13174903
distance_to_coast + bed_slope,bed_elevation + signed_distance_to_margin + bed_slope,2125.6619,0.13159838
distance_to_coast + bed_slope,bed_elevation + signed_distance_to_margin + bed_roughness,2140.9236,0.11462304
distance_to_coast + bed_slope,bed_elevation + distance_to_coast + bed_slope,2129.6814,0.12764162
distance_to_coast + bed_slope,bed_elevation + distance_to_coast + bed_roughness,2138.85,0.117453784
distance_to_coast + bed_slope,bed_elevation + bed_slope + bed_roughness,2131.105,0.12646204
distance_to_coast + bed_slope,signed_distance_to_margin + distance_to_coast + bed_slope,2151.5308,0.107923865
distance_to_coast + bed_slope,signed_distance_to_margin + distance_to_coast + bed_roughness,2152.5571,0.10532895
distance_to_coast + bed_slope,signed_distance_to_margin + bed_slope + bed_roughness,2147.0017,0.10659766
distance_to_coast + bed_slope,distance_to_coast + bed_slope + bed_roughness,2142.852,0.11734295
distance_to_coast + bed_slope,bed_elevation + signed_distance_to_margin + distance_to_coast + bed_slope,2149.705,0.11087397
distance_to_coast + bed_slope,bed_elevation + signed_distance_to_margin + distance_to_coast + bed_roughness,2140.1953,0.11544365
distance_to_coast + bed_slope,bed_elevation + signed_distance_to_margin + bed_slope + bed_roughness,2146.9697,0.10848671
distance_to_coast + bed_slope,bed_elevation + distance_to_coast + bed_slope + bed_roughness,2135.7017,0.12227991
distance_to_coast + bed_slope,signed_distance_to_margin + distance_to_coast + bed_slope + bed_roughness,2156.7114,0.10315022
distance_to_coast + bed_slope,bed_elevation + signed_distance_to_margin + distance_to_coast + bed_slope + bed_roughness,2141.3313,0.11420205
distance_to_coast + bed_roughness,None,2137.0156,0.11782953
distance_to_coast + bed_roughness,bed_elevation,2116.6938,0.13968125
distance_to_coast + bed_roughness,signed_distance_to_margin,2091.4998,0.16944817
distance_to_coast + bed_roughness,distance_to_coast,2133.646,0.124152035
distance_to_coast + bed_roughness,bed_slope,2139.4058,0.1208604
distance_to_coast + bed_roughness,bed_roughness,2131.1018,0.12394726
distance_to_coast + bed_roughness,bed_elevation + signed_distance_to_margin,2086.48,0.17253754
distance_to_coast + bed_roughness,bed_elevation + distance_to_coast,2120.5378,0.13383287
distance_to_coast + bed_roughness,bed_elevation + bed_slope,2121.39,0.13767707
distance_to_coast + bed_roughness,bed_elevation + bed_roughness,2136.6873,0.12108466
distance_to_coast + bed_roughness,signed_distance_to_margin + distance_to_coast,2147.2883,0.117405534
distance_to_coast + bed_roughness,signed_distance_to_margin + bed_slope,2124.3616,0.13828912
distance_to_coast + bed_roughness,signed_distance_to_margin + bed_roughness,2149.7668,0.10318473
distance_to_coast + bed_roughness,distance_to_coast + bed_slope,2149.3008,0.11370742
distance_to_coast + bed_roughness,distance_to_coast + bed_roughness,2142.8267,0.11478439
distance_to_coast + bed_roughness,bed_slope + bed_roughness,2163.9292,0.092982054
distance_to_coast + bed_roughness,bed_elevation + signed_distance_to_margin + distance_to_coast,2129.0117,0.12679073
distance_to_coast + bed_roughness,bed_elevation + signed_distance_to_margin + bed_slope,2108.8335,0.14824441
distance_to_coast + bed_roughness,bed_elevation + signed_distance_to_margin + bed_roughness,2143.1973,0.11238128
distance_to_coast + bed_roughness,bed_elevation + distance_to_coast + bed_slope,2134.1953,0.124643415
distance_to_coast + bed_roughness,bed_elevation + distance_to_coast + bed_roughness,2134.0618,0.12186074
distance_to_coast + bed_roughness,bed_elevation + bed_slope + bed_roughness,2121.9795,0.13739115
distance_to_coast + bed_roughness,signed_distance_to_margin + distance_to_coast + bed_slope,2162.5095,0.09858477
distance_to_coast + bed_roughness,signed_distance_to_margin + distance_to_coast + bed_roughness,2152.2896,0.104436845
distance_to_coast + bed_roughness,signed_distance_to_margin + bed_slope + bed_roughness,2161.2874,0.096497625
distance_to_coast + bed_roughness,distance_to_coast + bed_slope + bed_roughness,2150.6047,0.110708535
distance_to_coast + bed_roughness,bed_elevation + signed_distance_to_margin + distance_to_coast + bed_slope,2148.4553,0.109167725
distance_to_coast + bed_roughness,bed_elevation + signed_distance_to_margin + distance_to_coast + bed_roughness,2143.8967,0.111447036
distance_to_coast + bed_roughness,bed_elevation + signed_distance_to_margin + bed_slope + bed_roughness,2151.9868,0.10678968
distance_to_coast + bed_roughness,bed_elevation + distance_to_coast + bed_slope + bed_roughness,2137.2366,0.121805936
distance_to_coast + bed_roughness,signed_distance_to_margin + distance_to_coast + bed_slope + bed_roughness,2163.3086,0.09769657
distance_to_coast + bed_roughness,bed_elevation + signed_distance_to_margin + distance_to_coast + bed_slope + bed_roughness,2152.2603,0.10602349
bed_slope + bed_roughness,None,2067.6628,0.1999565
bed_slope + bed_roughness,bed_elevation,2104.3154,0.16667476
bed_slope + bed_roughness,signed_distance_to_margin,2034.2886,0.23456427
bed_slope + bed_roughness,distance_to_coast,2131.7576,0.13451359
bed_slope + bed_roughness,bed_slope,2105.792,0.16363758
bed_slope + bed_roughness,bed_roughness,2099.1345,0.16861206
bed_slope + bed_roughness,bed_elevation + signed_distance_to_margin,2045.1356,0.22610253
bed_slope + bed_roughness,bed_elevation + distance_to_coast,2129.0574,0.13872084
bed_slope + bed_roughness,bed_elevation + bed_slope,2111.7402,0.16013706
bed_slope + bed_roughness,bed_elevation + bed_roughness,2111.9348,0.16000473
bed_slope + bed_roughness,signed_distance_to_margin + distance_to_coast,2070.8994,0.19993109
bed_slope + bed_roughness,signed_distance_to_margin + bed_slope,2045.302,0.22691616
bed_slope + bed_roughness,signed_distance_to_margin + bed_roughness,2041.2466,0.22855726
bed_slope + bed_roughness,distance_to_coast + bed_slope,2145.0981,0.12328997
bed_slope + bed_roughness,distance_to_coast + bed_roughness,2138.1973,0.12830737
bed_slope + bed_roughness,bed_slope + bed_roughness,2107.61,0.16258124
bed_slope + bed_roughness,bed_elevation + signed_distance_to_margin + distance_to_coast,2064.4893,0.20568821
bed_slope + bed_roughness,bed_elevation + signed_distance_to_margin + bed_slope,2058.4995,0.21438971
bed_slope + bed_roughness,bed_elevation + signed_distance_to_margin + bed_roughness,2055.4065,0.21775189
bed_slope + bed_roughness,bed_elevation + distance_to_coast + bed_slope,2136.379,0.13320795
bed_slope + bed_roughness,bed_elevation + distance_to_coast + bed_roughness,2136.7607,0.1322937
bed_slope + bed_roughness,bed_elevation + bed_slope + bed_roughness,2118.3433,0.15532473
bed_slope + bed_roughness,signed_distance_to_margin + distance_to_coast + bed_slope,2078.1577,0.19517839
bed_slope + bed_roughness,signed_distance_to_margin + distance_to_coast + bed_roughness,2142.6968,0.12524462
bed_slope + bed_roughness,signed_distance_to_margin + bed_slope + bed_roughness,2050.544,0.2227247
bed_slope + bed_roughness,distance_to_coast + bed_slope + bed_roughness,2146.1252,0.12215978
bed_slope + bed_roughness,bed_elevation + signed_distance_to_margin + distance_to_coast + bed_slope,2076.7053,0.19584909
bed_slope + bed_roughness,bed_elevation + signed_distance_to_margin + distance_to_coast + bed_roughness,2143.405,0.12374684
bed_slope + bed_roughness,bed_elevation + signed_distance_to_margin + bed_slope + bed_roughness,2063.611,0.21103024
bed_slope + bed_roughness,bed_elevation + distance_to_coast + bed_slope + bed_roughness,2140.037,0.13025561
bed_slope + bed_roughness,signed_distance_to_margin + distance_to_coast + bed_slope + bed_roughness,2149.1208,0.11953941
bed_slope + bed_roughness,bed_elevation + signed_distance_to_margin + distance_to_coast + bed_slope + bed_roughness,2145.981,0.12179294
bed_elevation + signed_distance_to_margin + distance_to_coast,None,1965.0942,0.25564158
bed_elevation + signed_distance_to_margin + distance_to_coast,bed_elevation,1953.6133,0.2658253
bed_elevation + signed_distance_to_margin + distance_to_coast,signed_distance_to_margin,1963.4666,0.2575705
bed_elevation + signed_distance_to_margin + distance_to_coast,distance_to_coast,1968.1992,0.24297494
bed_elevation + signed_distance_to_margin + distance_to_coast,bed_slope,1978.2233,0.24592465
bed_elevation + signed_distance_to_margin + distance_to_coast,bed_roughness,1958.9918,0.26085645
bed_elevation + signed_distance_to_margin + distance_to_coast,bed_elevation + signed_distance_to_margin,2000.3845,0.24074474
bed_elevation + signed_distance_to_margin + distance_to_coast,bed_elevation + distance_to_coast,1978.2708,0.23999822
bed_elevation + signed_distance_to_margin + distance_to_coast,bed_elevation + bed_slope,1960.1184,0.26034394
bed_elevation + signed_distance_to_margin + distance_to_coast,bed_elevation + bed_roughness,1983.7805,0.25091287
bed_elevation + signed_distance_to_margin + distance_to_coast,signed_distance_to_margin + distance_to_coast,1968.1339,0.2529851
bed_elevation + signed_distance_to_margin + distance_to_coast,signed_distance_to_margin + bed_slope,1965.9393,0.25701654
bed_elevation + signed_distance_to_margin + distance_to_coast,signed_distance_to_margin + bed_roughness,1952.5458,0.26372734
bed_elevation + signed_distance_to_margin + distance_to_coast,distance_to_coast + bed_slope,1961.9905,0.25973392
bed_elevation + signed_distance_to_margin + distance_to_coast,distance_to_coast + bed_roughness,1970.9567,0.24251392
bed_elevation + signed_distance_to_margin + distance_to_coast,bed_slope + bed_roughness,1962.9937,0.25888732
bed_elevation + signed_distance_to_margin + distance_to_coast,bed_elevation + signed_distance_to_margin + distance_to_coast,1977.2982,0.24123731
bed_elevation + signed_distance_to_margin + distance_to_coast,bed_elevation + signed_distance_to_margin + bed_slope,1955.4998,0.26475847
bed_elevation + signed_distance_to_margin + distance_to_coast,bed_elevation + signed_distance_to_margin + bed_roughness,1967.2256,0.25219262
bed_elevation + signed_distance_to_margin + distance_to_coast,bed_elevation + distance_to_coast + bed_slope,1962.4297,0.25766104
bed_elevation + signed_distance_to_margin + distance_to_coast,bed_elevation + distance_to_coast + bed_roughness,1953.1163,0.26744613
bed_elevation + signed_distance_to_margin + distance_to_coast,bed_elevation + bed_slope + bed_roughness,1955.8632,0.26548213
bed_elevation + signed_distance_to_margin + distance_to_coast,signed_distance_to_margin + distance_to_coast + bed_slope,1968.9421,0.256035
bed_elevation + signed_distance_to_margin + distance_to_coast,signed_distance_to_margin + distance_to_coast + bed_roughness,1988.8252,0.23093843
bed_elevation + signed_distance_to_margin + distance_to_coast,signed_distance_to_margin + bed_slope + bed_roughness,1998.9397,0.2391065
bed_elevation + signed_distance_to_margin + distance_to_coast,distance_to_coast + bed_slope + bed_roughness,1981.1062,0.239883
bed_elevation + signed_distance_to_margin + distance_to_coast,bed_elevation + signed_distance_to_margin + distance_to_coast + bed_slope,1964.5695,0.26063806
bed_elevation + signed_distance_to_margin + distance_to_coast,bed_elevation + signed_distance_to_margin + distance_to_coast + bed_roughness,1944.6079,0.2757421
bed_elevation + signed_distance_to_margin + distance_to_coast,bed_elevation + signed_distance_to_margin + bed_slope + bed_roughness,1955.7422,0.26461372
bed_elevation + signed_distance_to_margin + distance_to_coast,bed_elevation + distance_to_coast + bed_slope + bed_roughness,1953.117,0.2671772
bed_elevation + signed_distance_to_margin + distance_to_coast,signed_distance_to_margin + distance_to_coast + bed_slope + bed_roughness,1962.77,0.258434
bed_elevation + signed_distance_to_margin + distance_to_coast,bed_elevation + signed_distance_to_margin + distance_to_coast + bed_slope + bed_roughness,1954.2798,0.26574805
bed_elevation + signed_distance_to_margin + bed_slope,None,1975.4978,0.2524398
bed_elevation + signed_distance_to_margin + bed_slope,bed_elevation,1944.4181,0.28240138
bed_elevation + signed_distance_to_margin + bed_slope,signed_distance_to_margin,1975.8832,0.25231686
bed_elevation + signed_distance_to_margin + bed_slope,distance_to_coast,1981.5056,0.24720329
bed_elevation + signed_distance_to_margin + bed_slope,bed_slope,1974.0605,0.2550827
bed_elevation + signed_distance_to_margin + bed_slope,bed_roughness,1972.3484,0.25562924
bed_elevation + signed_distance_to_margin + bed_slope,bed_elevation + signed_distance_to_margin,1962.3175,0.27144724
bed_elevation + signed_distance_to_margin + bed_slope,bed_elevation + distance_to_coast,1963.5242,0.2617097
bed_elevation + signed_distance_to_margin + bed_slope,bed_elevation + bed_slope,1945.3492,0.28483516
bed_elevation + signed_distance_to_margin + bed_slope,bed_elevation + bed_roughness,1945.6818,0.28358868
bed_elevation + signed_distance_to_margin + bed_slope,signed_distance_to_margin + distance_to_coast,1979.2523,0.24972332
bed_elevation + signed_distance_to_margin + bed_slope,signed_distance_to_margin + bed_slope,1973.9673,0.25479445
bed_elevation + signed_distance_to_margin + bed_slope,signed_distance_to_margin + bed_roughness,1975.3503,0.2535836
bed_elevation + signed_distance_to_margin + bed_slope,distance_to_coast + bed_slope,2006.2018,0.23225322
bed_elevation + signed_distance_to_margin + bed_slope,distance_to_coast + bed_roughness,1975.4956,0.2532202
bed_elevation + signed_distance_to_margin + bed_slope,bed_slope + bed_roughness,1974.3994,0.2547511
bed_elevation + signed_distance_to_margin + bed_slope,bed_elevation + signed_distance_to_margin + distance_to_coast,1966.6095,0.26018298
bed_elevation + signed_distance_to_margin + bed_slope,bed_elevation + signed_distance_to_margin + bed_slope,1943.4883,0.28443804
bed_elevation + signed_distance_to_margin + bed_slope,bed_elevation + signed_distance_to_margin + bed_roughness,1948.3593,0.2817789
bed_elevation + signed_distance_to_margin + bed_slope,bed_elevation + distance_to_coast + bed_slope,1965.7358,0.2615094
bed_elevation + signed_distance_to_margin + bed_slope,bed_elevation + distance_to_coast + bed_roughness,1964.6599,0.2621593
bed_elevation + signed_distance_to_margin + bed_slope,bed_elevation + bed_slope + bed_roughness,1935.8201,0.28743163
bed_elevation + signed_distance_to_margin + bed_slope,signed_distance_to_margin + distance_to_coast + bed_slope,1988.3923,0.24098492
bed_elevation + signed_distance_to_margin + bed_slope,signed_distance_to_margin + distance_to_coast + bed_roughness,1971.2805,0.2557306
bed_elevation + signed_distance_to_margin + bed_slope,signed_distance_to_margin + bed_slope + bed_roughness,1965.2488,0.2641303
bed_elevation + signed_distance_to_margin + bed_slope,distance_to_coast + bed_slope + bed_roughness,1985.5751,0.24714854
bed_elevation + signed_distance_to_margin + bed_slope,bed_elevation + signed_distance_to_margin + distance_to_coast + bed_slope,1974.4031,0.25591803
bed_elevation + signed_distance_to_margin + bed_slope,bed_elevation + signed_distance_to_margin + distance_to_coast + bed_roughness,1966.0162,0.2608384
bed_elevation + signed_distance_to_margin + bed_slope,bed_elevation + signed_distance_to_margin + bed_slope + bed_roughness,1942.9517,0.28551584
bed_elevation + signed_distance_to_margin + bed_slope,bed_elevation + distance_to_coast + bed_slope + bed_roughness,1964.7864,0.26253894
bed_elevation + signed_distance_to_margin + bed_slope,signed_distance_to_margin + distance_to_coast + bed_slope + bed_roughness,1981.1833,0.24955437
bed_elevation + signed_distance_to_margin + bed_slope,bed_elevation + signed_distance_to_margin + distance_to_coast + bed_slope + bed_roughness,1972.7782,0.25499308
bed_elevation + signed_distance_to_margin + bed_roughness,None,1958.2771,0.26399824
bed_elevation + signed_distance_to_margin + bed_roughness,bed_elevation,1942.5442,0.28404793
bed_elevation + signed_distance_to_margin + bed_roughness,signed_distance_to_margin,1977.3577,0.25014603
bed_elevation + signed_distance_to_margin + bed_roughness,distance_to_coast,1978.5442,0.24998054
bed_elevation + signed_distance_to_margin + bed_roughness,bed_slope,1971.6332,0.25711125
bed_elevation + signed_distance_to_margin + bed_roughness,bed_roughness,1984.49,0.24907574
bed_elevation + signed_distance_to_margin + bed_roughness,bed_elevation + signed_distance_to_margin,1948.9204,0.27873847
bed_elevation + signed_distance_to_margin + bed_roughness,bed_elevation + distance_to_coast,1966.3906,0.2603612
bed_elevation + signed_distance_to_margin + bed_roughness,bed_elevation + bed_slope,1941.876,0.2859507
bed_elevation + signed_distance_to_margin + bed_roughness,bed_elevation + bed_roughness,1940.8881,0.2864865
bed_elevation + signed_distance_to_margin + bed_roughness,signed_distance_to_margin + distance_to_coast,1980.2048,0.24871531
bed_elevation + signed_distance_to_margin + bed_roughness,signed_distance_to_margin + bed_slope,1976.5302,0.2530891
bed_elevation + signed_distance_to_margin + bed_roughness,signed_distance_to_margin + bed_roughness,1972.6355,0.25567472
bed_elevation + signed_distance_to_margin + bed_roughness,distance_to_coast + bed_slope,1958.1294,0.26160532
bed_elevation + signed_distance_to_margin + bed_roughness,distance_to_coast + bed_roughness,1978.2454,0.25082454
bed_elevation + signed_distance_to_margin + bed_roughness,bed_slope + bed_roughness,1969.7085,0.25866765
bed_elevation + signed_distance_to_margin + bed_roughness,bed_elevation + signed_distance_to_margin + distance_to_coast,1945.9429,0.27107334
bed_elevation + signed_distance_to_margin + bed_roughness,bed_elevation + signed_distance_to_margin + bed_slope,1941.8052,0.2860709
bed_elevation + signed_distance_to_margin + bed_roughness,bed_elevation + signed_distance_to_margin + bed_roughness,1938.3408,0.28911805
bed_elevation + signed_distance_to_margin + bed_roughness,bed_elevation + distance_to_coast + bed_slope,1966.269,0.2608156
bed_elevation + signed_distance_to_margin + bed_roughness,bed_elevation + distance_to_coast + bed_roughness,1964.9077,0.26173535
bed_elevation + signed_distance_to_margin + bed_roughness,bed_elevation + bed_slope + bed_roughness,1942.134,0.28671172
bed_elevation + signed_distance_to_margin + bed_roughness,signed_distance_to_margin + distance_to_coast + bed_slope,1980.9043,0.24951947
bed_elevation + signed_distance_to_margin + bed_roughness,signed_distance_to_margin + distance_to_coast + bed_roughness,1977.7495,0.25101462
bed_elevation + signed_distance_to_margin + bed_roughness,signed_distance_to_margin + bed_slope + bed_roughness,1975.95,0.2534217
bed_elevation + signed_distance_to_margin + bed_roughness,distance_to_coast + bed_slope + bed_roughness,1980.5225,0.24912989
bed_elevation + signed_distance_to_margin + bed_roughness,bed_elevation + signed_distance_to_margin + distance_to_coast + bed_slope,1965.0317,0.26222014
bed_elevation + signed_distance_to_margin + bed_roughness,bed_elevation + signed_distance_to_margin + distance_to_coast + bed_roughness,1964.3242,0.2624526
bed_elevation + signed_distance_to_margin + bed_roughness,bed_elevation + signed_distance_to_margin + bed_slope + bed_roughness,1942.6184,0.28593066
bed_elevation + signed_distance_to_margin + bed_roughness,bed_elevation + distance_to_coast + bed_slope + bed_roughness,1965.2212,0.26230898
bed_elevation + signed_distance_to_margin + bed_roughness,signed_distance_to_margin + distance_to_coast + bed_slope + bed_roughness,1979.9281,0.24985209
bed_elevation + signed_distance_to_margin + bed_roughness,bed_elevation + signed_distance_to_margin + distance_to_coast + bed_slope + bed_roughness,1964.8643,0.2635568
bed_elevation + distance_to_coast + bed_slope,None,2127.5254,0.12661389
bed_elevation + distance_to_coast + bed_slope,bed_elevation,2121.6958,0.1340945
bed_elevation + distance_to_coast + bed_slope,signed_distance_to_margin,2077.1816,0.18302092
bed_elevation + distance_to_coast + bed_slope,distance_to_coast,2142.7114,0.114991516
bed_elevation + distance_to_coast + bed_slope,bed_slope,2139.2075,0.11854389
bed_elevation + distance_to_coast + bed_slope,bed_roughness,2149.9893,0.10319042
bed_elevation + distance_to_coast + bed_slope,bed_elevation + signed_distance_to_margin,2086.171,0.17239967
bed_elevation + distance_to_coast + bed_slope,bed_elevation + distance_to_coast,2131.5774,0.12508884
bed_elevation + distance_to_coast + bed_slope,bed_elevation + bed_slope,2126.436,0.13387862
bed_elevation + distance_to_coast + bed_slope,bed_elevation + bed_roughness,2139.2134,0.114029974
bed_elevation + distance_to_coast + bed_slope,signed_distance_to_margin + distance_to_coast,2121.3955,0.13798651
bed_elevation + distance_to_coast + bed_slope,signed_distance_to_margin + bed_slope,2131.5293,0.13067421
bed_elevation + distance_to_coast + bed_slope,signed_distance_to_margin + bed_roughness,2140.7585,0.11384222
bed_elevation + distance_to_coast + bed_slope,distance_to_coast + bed_slope,2144.7297,0.11530706
bed_elevation + distance_to_coast + bed_slope,distance_to_coast + bed_roughness,2137.114,0.12096971
bed_elevation + distance_to_coast + bed_slope,bed_slope + bed_roughness,2130.8152,0.12836865
bed_elevation + distance_to_coast + bed_slope,bed_elevation + signed_distance_to_margin + distance_to_coast,2126.7664,0.12946147
bed_elevation + distance_to_coast + bed_slope,bed_elevation + signed_distance_to_margin + bed_slope,2126.3118,0.13120878
bed_elevation + distance_to_coast + bed_slope,bed_elevation + signed_distance_to_margin + bed_roughness,2140.475,0.114438236
bed_elevation + distance_to_coast + bed_slope,bed_elevation + distance_to_coast + bed_slope,2113.436,0.14391613
bed_elevation + distance_to_coast + bed_slope,bed_elevation + distance_to_coast + bed_roughness,2153.2883,0.106793314
bed_elevation + distance_to_coast + bed_slope,bed_elevation + bed_slope + bed_roughness,2142.5767,0.11376053
bed_elevation + distance_to_coast + bed_slope,signed_distance_to_margin + distance_to_coast + bed_slope,2149.6226,0.10943109
bed_elevation + distance_to_coast + bed_slope,signed_distance_to_margin + distance_to_coast + bed_roughness,2151.434,0.10526419
bed_elevation + distance_to_coast + bed_slope,signed_distance_to_margin + bed_slope + bed_roughness,2152.606,0.105493814
bed_elevation + distance_to_coast + bed_slope,distance_to_coast + bed_slope + bed_roughness,2119.1853,0.12874848
bed_elevation + distance_to_coast + bed_slope,bed_elevation + signed_distance_to_margin + distance_to_coast + bed_slope,2131.3232,0.12551066
bed_elevation + distance_to_coast + bed_slope,bed_elevation + signed_distance_to_margin + distance_to_coast + bed_roughness,2142.9514,0.11196357
bed_elevation + distance_to_coast + bed_slope,bed_elevation + signed_distance_to_margin + bed_slope + bed_roughness,2146.053,0.11024225
bed_elevation + distance_to_coast + bed_slope,bed_elevation + distance_to_coast + bed_slope + bed_roughness,2137.4702,0.120167226
bed_elevation + distance_to_coast + bed_slope,signed_distance_to_margin + distance_to_coast + bed_slope + bed_roughness,2164.325,0.09426519
bed_elevation + distance_to_coast + bed_slope,bed_elevation + signed_distance_to_margin + distance_to_coast + bed_slope + bed_roughness,2137.061,0.11579397
bed_elevation + distance_to_coast + bed_roughness,None,2128.9111,0.12529334
bed_elevation + distance_to_coast + bed_roughness,bed_elevation,2118.962,0.1406677
bed_elevation + distance_to_coast + bed_roughness,signed_distance_to_margin,2046.801,0.1989089
bed_elevation + distance_to_coast + bed_roughness,distance_to_coast,2129.9348,0.12701887
bed_elevation + distance_to_coast + bed_roughness,bed_slope,2134.7163,0.12351188
bed_elevation + distance_to_coast + bed_roughness,bed_roughness,2133.2861,0.12267333
bed_elevation + distance_to_coast + bed_roughness,bed_elevation + signed_distance_to_margin,2081.7598,0.17762274
bed_elevation + distance_to_coast + bed_roughness,bed_elevation + distance_to_coast,2098.5386,0.1527029
bed_elevation + distance_to_coast + bed_roughness,bed_elevation + bed_slope,2116.211,0.14147836
bed_elevation + distance_to_coast + bed_roughness,bed_elevation + bed_roughness,2121.83,0.13757089
bed_elevation + distance_to_coast + bed_roughness,signed_distance_to_margin + distance_to_coast,2079.4165,0.1831235
bed_elevation + distance_to_coast + bed_roughness,signed_distance_to_margin + bed_slope,2110.587,0.14990306
bed_elevation + distance_to_coast + bed_roughness,signed_distance_to_margin + bed_roughness,2143.6006,0.11350641
bed_elevation + distance_to_coast + bed_roughness,distance_to_coast + bed_slope,2144.5046,0.11560765
bed_elevation + distance_to_coast + bed_roughness,distance_to_coast + bed_roughness,2143.9243,0.1142464
bed_elevation + distance_to_coast + bed_roughness,bed_slope + bed_roughness,2161.6646,0.093911916
bed_elevation + distance_to_coast + bed_roughness,bed_elevation + signed_distance_to_margin + distance_to_coast,2140.0034,0.12299806
bed_elevation + distance_to_coast + bed_roughness,bed_elevation + signed_distance_to_margin + bed_slope,2110.7007,0.14835879
bed_elevation + distance_to_coast + bed_roughness,bed_elevation + signed_distance_to_margin + bed_roughness,2142.5735,0.11307588
bed_elevation + distance_to_coast + bed_roughness,bed_elevation + distance_to_coast + bed_slope,2136.4124,0.12175849
bed_elevation + distance_to_coast + bed_roughness,bed_elevation + distance_to_coast + bed_roughness,2148.622,0.109221935
bed_elevation + distance_to_coast + bed_roughness,bed_elevation + bed_slope + bed_roughness,2122.518,0.13834974
bed_elevation + distance_to_coast + bed_roughness,signed_distance_to_margin + distance_to_coast + bed_slope,2163.338,0.09805432
bed_elevation + distance_to_coast + bed_roughness,signed_distance_to_margin + distance_to_coast + bed_roughness,2155.8342,0.10182473
bed_elevation + distance_to_coast + bed_roughness,signed_distance_to_margin + bed_slope + bed_roughness,2162.8103,0.097890586
bed_elevation + distance_to_coast + bed_roughness,distance_to_coast + bed_slope + bed_roughness,2152.0374,0.10891709
bed_elevation + distance_to_coast + bed_roughness,bed_elevation + signed_distance_to_margin + distance_to_coast + bed_slope,2143.0894,0.11248204
bed_elevation + distance_to_coast + bed_roughness,bed_elevation + signed_distance_to_margin + distance_to_coast + bed_roughness,2150.6753,0.1072714
bed_elevation + distance_to_coast + bed_roughness,bed_elevation + signed_distance_to_margin + bed_slope + bed_roughness,2151.0183,0.10700184
bed_elevation + distance_to_coast + bed_roughness,bed_elevation + distance_to_coast + bed_slope + bed_roughness,2139.9438,0.11845085
bed_elevation + distance_to_coast + bed_roughness,signed_distance_to_margin + distance_to_coast + bed_slope + bed_roughness,2163.5005,0.09729299
bed_elevation + distance_to_coast + bed_roughness,bed_elevation + signed_distance_to_margin + distance_to_coast + bed_slope + bed_roughness,2153.3015,0.10518587
bed_elevation + bed_slope + bed_roughness,None,2114.4004,0.1505583
bed_elevation + bed_slope + bed_roughness,bed_elevation,2111.6843,0.15780717
bed_elevation + bed_slope + bed_roughness,signed_distance_to_margin,2054.418,0.2144435
bed_elevation + bed_slope + bed_roughness,distance_to_coast,2154.9683,0.107970595
bed_elevation + bed_slope + bed_roughness,bed_slope,2127.6597,0.14118487
bed_elevation + bed_slope + bed_roughness,bed_roughness,2122.1445,0.14442071
bed_elevation + bed_slope + bed_roughness,bed_elevation + signed_distance_to_margin,2100.7202,0.16717577
bed_elevation + bed_slope + bed_roughness,bed_elevation + distance_to_coast,2123.5947,0.14266923
bed_elevation + bed_slope + bed_roughness,bed_elevation + bed_slope,2111.9673,0.15784478
bed_elevation + bed_slope + bed_roughness,bed_elevation + bed_roughness,2111.62,0.1581806
bed_elevation + bed_slope + bed_roughness,signed_distance_to_margin + distance_to_coast,2067.7874,0.20245257
bed_elevation + bed_slope + bed_roughness,signed_distance_to_margin + bed_slope,2068.772,0.20528972
bed_elevation + bed_slope + bed_roughness,signed_distance_to_margin + bed_roughness,2073.1235,0.19574317
bed_elevation + bed_slope + bed_roughness,distance_to_coast + bed_slope,2142.7368,0.124641
bed_elevation + bed_slope + bed_roughness,distance_to_coast + bed_roughness,2141.1155,0.12498763
bed_elevation + bed_slope + bed_roughness,bed_slope + bed_roughness,2127.3394,0.14058152
bed_elevation + bed_slope + bed_roughness,bed_elevation + signed_distance_to_margin + distance_to_coast,2122.6614,0.1428357
bed_elevation + bed_slope + bed_roughness,bed_elevation + signed_distance_to_margin + bed_slope,2113.1035,0.15775031
bed_elevation + bed_slope + bed_roughness,bed_elevation + signed_distance_to_margin + bed_roughness,2106.2092,0.16351503
bed_elevation + bed_slope + bed_roughness,bed_elevation + distance_to_coast + bed_slope,2126.3687,0.14167935
bed_elevation + bed_slope + bed_roughness,bed_elevation + distance_to_coast + bed_roughness,2124.3186,0.14321455
bed_elevation + bed_slope + bed_roughness,bed_elevation + bed_slope + bed_roughness,2115.516,0.1562311
bed_elevation + bed_slope + bed_roughness,signed_distance_to_margin + distance_to_coast + bed_slope,2086.64,0.18709043
bed_elevation + bed_slope + bed_roughness,signed_distance_to_margin + distance_to_coast + bed_roughness,2139.4712,0.12738013
bed_elevation + bed_slope + bed_roughness,signed_distance_to_margin + bed_slope + bed_roughness,2088.089,0.19046614
bed_elevation + bed_slope + bed_roughness,distance_to_coast + bed_slope + bed_roughness,2147.0022,0.1210652
bed_elevation + bed_slope + bed_roughness,bed_elevation + signed_distance_to_margin + distance_to_coast + bed_slope,2145.5293,0.12029013
bed_elevation + bed_slope + bed_roughness,bed_elevation + signed_distance_to_margin + distance_to_coast + bed_roughness,2148.835,0.115973175
bed_elevation + bed_slope + bed_roughness,bed_elevation + signed_distance_to_margin + bed_slope + bed_roughness,2112.7107,0.15769663
bed_elevation + bed_slope + bed_roughness,bed_elevation + distance_to_coast + bed_slope + bed_roughness,2129.13,0.14011142
bed_elevation + bed_slope + bed_roughness,signed_distance_to_margin + distance_to_coast + bed_slope + bed_roughness,2152.6936,0.117539465
bed_elevation + bed_slope + bed_roughness,bed_elevation + signed_distance_to_margin + distance_to_coast + bed_slope + bed_roughness,2151.4343,0.11436513
signed_distance_to_margin + distance_to_coast + bed_slope,None,2022.6827,0.2214492
signed_distance_to_margin + distance_to_coast + bed_slope,bed_elevation,1974.4722,0.25164106
signed_distance_to_margin + distance_to_coast + bed_slope,signed_distance_to_margin,1987.0725,0.24043888
signed_distance_to_margin + distance_to_coast + bed_slope,distance_to_coast,1988.9253,0.23761943
signed_distance_to_margin + distance_to_coast + bed_slope,bed_slope,1982.8369,0.24202183
signed_distance_to_margin + distance_to_coast + bed_slope,bed_roughness,2030.4058,0.2159222
signed_distance_to_margin + distance_to_coast + bed_slope,bed_elevation + signed_distance_to_margin,1961.8392,0.259619
signed_distance_to_margin + distance_to_coast + bed_slope,bed_elevation + distance_to_coast,1984.6394,0.23482037
signed_distance_to_margin + distance_to_coast + bed_slope,bed_elevation + bed_slope,1953.3264,0.26722786
signed_distance_to_margin + distance_to_coast + bed_slope,bed_elevation + bed_roughness,1955.6843,0.26407456
signed_distance_to_margin + distance_to_coast + bed_slope,signed_distance_to_margin + distance_to_coast,1982.571,0.24364406
signed_distance_to_margin + distance_to_coast + bed_slope,signed_distance_to_margin + bed_slope,1978.843,0.24626434
signed_distance_to_margin + distance_to_coast + bed_slope,signed_distance_to_margin + bed_roughness,1979.6466,0.24683899
signed_distance_to_margin + distance_to_coast + bed_slope,distance_to_coast + bed_slope,2022.4072,0.21240726
signed_distance_to_margin + distance_to_coast + bed_slope,distance_to_coast + bed_roughness,2004.5767,0.21995088
signed_distance_to_margin + distance_to_coast + bed_slope,bed_slope + bed_roughness,1983.5525,0.2434817
signed_distance_to_margin + distance_to_coast + bed_slope,bed_elevation + signed_distance_to_margin + distance_to_coast,1958.79,0.261827
signed_distance_to_margin + distance_to_coast + bed_slope,bed_elevation + signed_distance_to_margin + bed_slope,1958.5912,0.26238734
signed_distance_to_margin + distance_to_coast + bed_slope,bed_elevation + signed_distance_to_margin + bed_roughness,1956.9755,0.2630613
signed_distance_to_margin + distance_to_coast + bed_slope,bed_elevation + distance_to_coast + bed_slope,1982.7354,0.23732436
signed_distance_to_margin + distance_to_coast + bed_slope,bed_elevation + distance_to_coast + bed_roughness,1988.592,0.23126855
signed_distance_to_margin + distance_to_coast + bed_slope,bed_elevation + bed_slope + bed_roughness,1967.763,0.2579155
signed_distance_to_margin + distance_to_coast + bed_slope,signed_distance_to_margin + distance_to_coast + bed_slope,1990.4762,0.23171541
signed_distance_to_margin + distance_to_coast + bed_slope,signed_distance_to_margin + distance_to_coast + bed_roughness,2010.1687,0.21516865
signed_distance_to_margin + distance_to_coast + bed_slope,signed_distance_to_margin + bed_slope + bed_roughness,1984.227,0.24364698
signed_distance_to_margin + distance_to_coast + bed_slope,distance_to_coast + bed_slope + bed_roughness,2011.9062,0.21461704
signed_distance_to_margin + distance_to_coast + bed_slope,bed_elevation + signed_distance_to_margin + distance_to_coast + bed_slope,1960.4102,0.2608963
signed_distance_to_margin + distance_to_coast + bed_slope,bed_elevation + signed_distance_to_margin + distance_to_coast + bed_roughness,1962.0546,0.2434057
signed_distance_to_margin + distance_to_coast + bed_slope,bed_elevation + signed_distance_to_margin + bed_slope + bed_roughness,1941.1066,0.27109292
signed_distance_to_margin + distance_to_coast + bed_slope,bed_elevation + distance_to_coast + bed_slope + bed_roughness,1950.5964,0.2667791
signed_distance_to_margin + distance_to_coast + bed_slope,signed_distance_to_margin + distance_to_coast + bed_slope + bed_roughness,2013.1543,0.2120429
signed_distance_to_margin + distance_to_coast + bed_slope,bed_elevation + signed_distance_to_margin + distance_to_coast + bed_slope + bed_roughness,1958.3818,0.26352975
signed_distance_to_margin + distance_to_coast + bed_roughness,None,1977.5427,0.24886978
signed_distance_to_margin + distance_to_coast + bed_roughness,bed_elevation,1960.9011,0.2599909
signed_distance_to_margin + distance_to_coast + bed_roughness,signed_distance_to_margin,1985.1396,0.24183244
signed_distance_to_margin + distance_to_coast + bed_roughness,distance_to_coast,1983.6897,0.24362019
signed_distance_to_margin + distance_to_coast + bed_roughness,bed_slope,1998.4509,0.23312685
signed_distance_to_margin + distance_to_coast + bed_roughness,bed_roughness,1979.5188,0.24654382
signed_distance_to_margin + distance_to_coast + bed_roughness,bed_elevation + signed_distance_to_margin,1960.7258,0.26056013
signed_distance_to_margin + distance_to_coast + bed_roughness,bed_elevation + distance_to_coast,1954.7688,0.2660059
signed_distance_to_margin + distance_to_coast + bed_roughness,bed_elevation + bed_slope,1958.0125,0.26574808
signed_distance_to_margin + distance_to_coast + bed_roughness,bed_elevation + bed_roughness,1956.0592,0.2655517
signed_distance_to_margin + distance_to_coast + bed_roughness,signed_distance_to_margin + distance_to_coast,2005.0833,0.22139704
signed_distance_to_margin + distance_to_coast + bed_roughness,signed_distance_to_margin + bed_slope,1975.0267,0.25233546
signed_distance_to_margin + distance_to_coast + bed_roughness,signed_distance_to_margin + bed_roughness,1983.4265,0.24272895
signed_distance_to_margin + distance_to_coast + bed_roughness,distance_to_coast + bed_slope,2005.5764,0.22206715
signed_distance_to_margin + distance_to_coast + bed_roughness,distance_to_coast + bed_roughness,1979.4178,0.24666783
signed_distance_to_margin + distance_to_coast + bed_roughness,bed_slope + bed_roughness,1985.0002,0.24388853
signed_distance_to_margin + distance_to_coast + bed_roughness,bed_elevation + signed_distance_to_margin + distance_to_coast,1990.3958,0.23316821
signed_distance_to_margin + distance_to_coast + bed_roughness,bed_elevation + signed_distance_to_margin + bed_slope,1947.2185,0.27519718
signed_distance_to_margin + distance_to_coast + bed_roughness,bed_elevation + signed_distance_to_margin + bed_roughness,1960.2299,0.2610374
signed_distance_to_margin + distance_to_coast + bed_roughness,bed_elevation + distance_to_coast + bed_slope,1983.7424,0.23723987
signed_distance_to_margin + distance_to_coast + bed_roughness,bed_elevation + distance_to_coast + bed_roughness,1987.7039,0.23502395
signed_distance_to_margin + distance_to_coast + bed_roughness,bed_elevation + bed_slope + bed_roughness,1956.4441,0.26481357
signed_distance_to_margin + distance_to_coast + bed_roughness,signed_distance_to_margin + distance_to_coast + bed_slope,1981.1465,0.24570641
signed_distance_to_margin + distance_to_coast + bed_roughness,signed_distance_to_margin + distance_to_coast + bed_roughness,2006.6981,0.21824685
signed_distance_to_margin + distance_to_coast + bed_roughness,signed_distance_to_margin + bed_slope + bed_roughness,1980.0363,0.24607733
signed_distance_to_margin + distance_to_coast + bed_roughness,distance_to_coast + bed_slope + bed_roughness,2025.656,0.20524213
signed_distance_to_margin + distance_to_coast + bed_roughness,bed_elevation + signed_distance_to_margin + distance_to_coast + bed_slope,1955.581,0.26526782
signed_distance_to_margin + distance_to_coast + bed_roughness,bed_elevation + signed_distance_to_margin + distance_to_coast + bed_roughness,1991.7687,0.22801685
signed_distance_to_margin + distance_to_coast + bed_roughness,bed_elevation + signed_distance_to_margin + bed_slope + bed_roughness,1977.3264,0.2529368
signed_distance_to_margin + distance_to_coast + bed_roughness,bed_elevation + distance_to_coast + bed_slope + bed_roughness,1975.4355,0.2528062
signed_distance_to_margin + distance_to_coast + bed_roughness,signed_distance_to_margin + distance_to_coast + bed_slope + bed_roughness,1984.8696,0.24382678
signed_distance_to_margin + distance_to_coast + bed_roughness,bed_elevation + signed_distance_to_margin + distance_to_coast + bed_slope + bed_roughness,1989.7894,0.23116091
signed_distance_to_margin + bed_slope + bed_roughness,None,1978.0297,0.25104836
signed_distance_to_margin + bed_slope + bed_roughness,bed_elevation,1952.7815,0.27228555
signed_distance_to_margin + bed_slope + bed_roughness,signed_distance_to_margin,1981.1693,0.24810225
signed_distance_to_margin + bed_slope + bed_roughness,distance_to_coast,1981.7483,0.24824244
signed_distance_to_margin + bed_slope + bed_roughness,bed_slope,1966.6816,0.25631464
signed_distance_to_margin + bed_slope + bed_roughness,bed_roughness,1975.1698,0.25376207
signed_distance_to_margin + bed_slope + bed_roughness,bed_elevation + signed_distance_to_margin,1968.0319,0.2568748
signed_distance_to_margin + bed_slope + bed_roughness,bed_elevation + distance_to_coast,1958.7125,0.2661997
signed_distance_to_margin + bed_slope + bed_roughness,bed_elevation + bed_slope,1937.5479,0.28575602
signed_distance_to_margin + bed_slope + bed_roughness,bed_elevation + bed_roughness,1944.9729,0.2811194
signed_distance_to_margin + bed_slope + bed_roughness,signed_distance_to_margin + distance_to_coast,1984.5491,0.24670133
signed_distance_to_margin + bed_slope + bed_roughness,signed_distance_to_margin + bed_slope,1978.48,0.2499328
signed_distance_to_margin + bed_slope + bed_roughness,signed_distance_to_margin + bed_roughness,1972.5898,0.25526044
signed_distance_to_margin + bed_slope + bed_roughness,distance_to_coast + bed_slope,1978.3043,0.25052157
signed_distance_to_margin + bed_slope + bed_roughness,distance_to_coast + bed_roughness,1969.3342,0.25618657
signed_distance_to_margin + bed_slope + bed_roughness,bed_slope + bed_roughness,1972.99,0.2546574
signed_distance_to_margin + bed_slope + bed_roughness,bed_elevation + signed_distance_to_margin + distance_to_coast,1983.3973,0.24036387
signed_distance_to_margin + bed_slope + bed_roughness,bed_elevation + signed_distance_to_margin + bed_slope,1941.3867,0.28479037
signed_distance_to_margin + bed_slope + bed_roughness,bed_elevation + signed_distance_to_margin + bed_roughness,1941.6532,0.28184894
signed_distance_to_margin + bed_slope + bed_roughness,bed_elevation + distance_to_coast + bed_slope,1960.1577,0.26620793
signed_distance_to_margin + bed_slope + bed_roughness,bed_elevation + distance_to_coast + bed_roughness,1961.5206,0.26558822
signed_distance_to_margin + bed_slope + bed_roughness,bed_elevation + bed_slope + bed_roughness,1949.772,0.28238615
signed_distance_to_margin + bed_slope + bed_roughness,signed_distance_to_margin + distance_to_coast + bed_slope,1980.8099,0.24831533
signed_distance_to_margin + bed_slope + bed_roughness,signed_distance_to_margin + distance_to_coast + bed_roughness,1978.2227,0.25016758
signed_distance_to_margin + bed_slope + bed_roughness,signed_distance_to_margin + bed_slope + bed_roughness,1976.4181,0.25183687
signed_distance_to_margin + bed_slope + bed_roughness,distance_to_coast + bed_slope + bed_roughness,1963.6702,0.2592915
signed_distance_to_margin + bed_slope + bed_roughness,bed_elevation + signed_distance_to_margin + distance_to_coast + bed_slope,1960.1002,0.26559323
signed_distance_to_margin + bed_slope + bed_roughness,bed_elevation + signed_distance_to_margin + distance_to_coast + bed_roughness,1999.949,0.22406837
signed_distance_to_margin + bed_slope + bed_roughness,bed_elevation + signed_distance_to_margin + bed_slope + bed_roughness,1942.8835,0.2846004
signed_distance_to_margin + bed_slope + bed_roughness,bed_elevation + distance_to_coast + bed_slope + bed_roughness,1969.0813,0.25713184
signed_distance_to_margin + bed_slope + bed_roughness,signed_distance_to_margin + distance_to_coast + bed_slope + bed_roughness,1978.0632,0.250834
signed_distance_to_margin + bed_slope + bed_roughness,bed_elevation + signed_distance_to_margin + distance_to_coast + bed_slope + bed_roughness,1963.9861,0.26233345
distance_to_coast + bed_slope + bed_roughness,None,2126.6184,0.12844798
distance_to_coast + bed_slope + bed_roughness,bed_elevation,2114.1238,0.14094025
distance_to_coast + bed_slope + bed_roughness,signed_distance_to_margin,2089.3074,0.170347
distance_to_coast + bed_slope + bed_roughness,distance_to_coast,2130.0706,0.12810177
distance_to_coast + bed_slope + bed_roughness,bed_slope,2137.8027,0.120179564
distance_to_coast + bed_slope + bed_roughness,bed_roughness,2131.7964,0.12002835
distance_to_coast + bed_slope + bed_roughness,bed_elevation + signed_distance_to_margin,2080.6785,0.1769121
distance_to_coast + bed_slope + bed_roughness,bed_elevation + distance_to_coast,2119.3682,0.1354897
distance_to_coast + bed_slope + bed_roughness,bed_elevation + bed_slope,2120.432,0.13686413
distance_to_coast + bed_slope + bed_roughness,bed_elevation + bed_roughness,2140.8232,0.11355358
distance_to_coast + bed_slope + bed_roughness,signed_distance_to_margin + distance_to_coast,2139.4702,0.11860454
distance_to_coast + bed_slope + bed_roughness,signed_distance_to_margin + bed_slope,2134.8965,0.124221295
distance_to_coast + bed_slope + bed_roughness,signed_distance_to_margin + bed_roughness,2150.3936,0.10494214
distance_to_coast + bed_slope + bed_roughness,distance_to_coast + bed_slope,2138.2153,0.12128654
distance_to_coast + bed_slope + bed_roughness,distance_to_coast + bed_roughness,2143.1875,0.1150229
distance_to_coast + bed_slope + bed_roughness,bed_slope + bed_roughness,2144.757,0.11307594
distance_to_coast + bed_slope + bed_roughness,bed_elevation + signed_distance_to_margin + distance_to_coast,2130.0586,0.12317765
distance_to_coast + bed_slope + bed_roughness,bed_elevation + signed_distance_to_margin + bed_slope,2119.0764,0.1367293
distance_to_coast + bed_slope + bed_roughness,bed_elevation + signed_distance_to_margin + bed_roughness,2140.7498,0.11321798
distance_to_coast + bed_slope + bed_roughness,bed_elevation + distance_to_coast + bed_slope,2124.7349,0.13115019
distance_to_coast + bed_slope + bed_roughness,bed_elevation + distance_to_coast + bed_roughness,2128.48,0.12694958
distance_to_coast + bed_slope + bed_roughness,bed_elevation + bed_slope + bed_roughness,2141.7148,0.11280152
distance_to_coast + bed_slope + bed_roughness,signed_distance_to_margin + distance_to_coast + bed_slope,2154.7998,0.10295576
distance_to_coast + bed_slope + bed_roughness,signed_distance_to_margin + distance_to_coast + bed_roughness,2153.7202,0.10174993
distance_to_coast + bed_slope + bed_roughness,signed_distance_to_margin + bed_slope + bed_roughness,2158.4082,0.09901488
distance_to_coast + bed_slope + bed_roughness,distance_to_coast + bed_slope + bed_roughness,2144.3457,0.11397511
distance_to_coast + bed_slope + bed_roughness,bed_elevation + signed_distance_to_margin + distance_to_coast + bed_slope,2141.7139,0.112566024
distance_to_coast + bed_slope + bed_roughness,bed_elevation + signed_distance_to_margin + distance_to_coast + bed_roughness,2143.1577,0.11044106
distance_to_coast + bed_slope + bed_roughness,bed_elevation + signed_distance_to_margin + bed_slope + bed_roughness,2140.9326,0.1122486
distance_to_coast + bed_slope + bed_roughness,bed_elevation + distance_to_coast + bed_slope + bed_roughness,2117.4873,0.1405046
distance_to_coast + bed_slope + bed_roughness,signed_distance_to_margin + distance_to_coast + bed_slope + bed_roughness,2162.6794,0.096485734
distance_to_coast + bed_slope + bed_roughness,bed_elevation + signed_distance_to_margin + distance_to_coast + bed_slope + bed_roughness,2146.617,0.10769197
bed_elevation + signed_distance_to_margin + distance_to_coast + bed_slope,None,1967.6353,0.25297683
bed_elevation + signed_distance_to_margin + distance_to_coast + bed_slope,bed_elevation,1950.0177,0.2657973
bed_elevation + signed_distance_to_margin + distance_to_coast + bed_slope,signed_distance_to_margin,1964.8638,0.25608784
bed_elevation + signed_distance_to_margin + distance_to_coast + bed_slope,distance_to_coast,1922.1755,0.2813805
bed_elevation + signed_distance_to_margin + distance_to_coast + bed_slope,bed_slope,1956.2756,0.26474598
bed_elevation + signed_distance_to_margin + distance_to_coast + bed_slope,bed_roughness,1954.8091,0.26231048
bed_elevation + signed_distance_to_margin + distance_to_coast + bed_slope,bed_elevation + signed_distance_to_margin,1954.492,0.26370412
bed_elevation + signed_distance_to_margin + distance_to_coast + bed_slope,bed_elevation + distance_to_coast,1975.8595,0.24245247
bed_elevation + signed_distance_to_margin + distance_to_coast + bed_slope,bed_elevation + bed_slope,1957.4575,0.26243338
bed_elevation + signed_distance_to_margin + distance_to_coast + bed_slope,bed_elevation + bed_roughness,1952.1069,0.26639336
bed_elevation + signed_distance_to_margin + distance_to_coast + bed_slope,signed_distance_to_margin + distance_to_coast,1966.1045,0.25524846
bed_elevation + signed_distance_to_margin + distance_to_coast + bed_slope,signed_distance_to_margin + bed_slope,1965.1145,0.25670308
bed_elevation + signed_distance_to_margin + distance_to_coast + bed_slope,signed_distance_to_margin + bed_roughness,1963.5042,0.2570985
bed_elevation + signed_distance_to_margin + distance_to_coast + bed_slope,distance_to_coast + bed_slope,1981.4746,0.23937836
bed_elevation + signed_distance_to_margin + distance_to_coast + bed_slope,distance_to_coast + bed_roughness,1962.7362,0.2583291
bed_elevation + signed_distance_to_margin + distance_to_coast + bed_slope,bed_slope + bed_roughness,1973.0559,0.25716195
bed_elevation + signed_distance_to_margin + distance_to_coast + bed_slope,bed_elevation + signed_distance_to_margin + distance_to_coast,1952.7869,0.26468652
bed_elevation + signed_distance_to_margin + distance_to_coast + bed_slope,bed_elevation + signed_distance_to_margin + bed_slope,1939.5488,0.27278584
bed_elevation + signed_distance_to_margin + distance_to_coast + bed_slope,bed_elevation + signed_distance_to_margin + bed_roughness,1943.9111,0.275819
bed_elevation + signed_distance_to_margin + distance_to_coast + bed_slope,bed_elevation + distance_to_coast + bed_slope,1938.3298,0.28097624
bed_elevation + signed_distance_to_margin + distance_to_coast + bed_slope,bed_elevation + distance_to_coast + bed_roughness,1953.9343,0.26533234
bed_elevation + signed_distance_to_margin + distance_to_coast + bed_slope,bed_elevation + bed_slope + bed_roughness,1955.5532,0.26503524
bed_elevation + signed_distance_to_margin + distance_to_coast + bed_slope,signed_distance_to_margin + distance_to_coast + bed_slope,2001.9542,0.22799581
bed_elevation + signed_distance_to_margin + distance_to_coast + bed_slope,signed_distance_to_margin + distance_to_coast + bed_roughness,1979.3997,0.24061403
bed_elevation + signed_distance_to_margin + distance_to_coast + bed_slope,signed_distance_to_margin + bed_slope + bed_roughness,1979.7617,0.24170998
bed_elevation + signed_distance_to_margin + distance_to_coast + bed_slope,distance_to_coast + bed_slope + bed_roughness,1938.824,0.27124685
bed_elevation + signed_distance_to_margin + distance_to_coast + bed_slope,bed_elevation + signed_distance_to_margin + distance_to_coast + bed_slope,1960.6333,0.26203534
bed_elevation + signed_distance_to_margin + distance_to_coast + bed_slope,bed_elevation + signed_distance_to_margin + distance_to_coast + bed_roughness,1979.6013,0.24153334
bed_elevation + signed_distance_to_margin + distance_to_coast + bed_slope,bed_elevation + signed_distance_to_margin + bed_slope + bed_roughness,1956.7983,0.26347965
bed_elevation + signed_distance_to_margin + distance_to_coast + bed_slope,bed_elevation + distance_to_coast + bed_slope + bed_roughness,1977.9819,0.24229902
bed_elevation + signed_distance_to_margin + distance_to_coast + bed_slope,signed_distance_to_margin + distance_to_coast + bed_slope + bed_roughness,1983.1553,0.23773214
bed_elevation + signed_distance_to_margin + distance_to_coast + bed_slope,bed_elevation + signed_distance_to_margin + distance_to_coast + bed_slope + bed_roughness,1954.5297,0.2652982
bed_elevation + signed_distance_to_margin + distance_to_coast + bed_roughness,None,1962.35,0.258822
bed_elevation + signed_distance_to_margin + distance_to_coast + bed_roughness,bed_elevation,1973.0527,0.25486687
bed_elevation + signed_distance_to_margin + distance_to_coast + bed_roughness,signed_distance_to_margin,1941.4478,0.26822612
bed_elevation + signed_distance_to_margin + distance_to_coast + bed_roughness,distance_to_coast,1945.0259,0.27043545
bed_elevation + signed_distance_to_margin + distance_to_coast + bed_roughness,bed_slope,1984.1998,0.23641688
bed_elevation + signed_distance_to_margin + distance_to_coast + bed_roughness,bed_roughness,1962.2217,0.25865564
bed_elevation + signed_distance_to_margin + distance_to_coast + bed_roughness,bed_elevation + signed_distance_to_margin,1964.2311,0.25836343
bed_elevation + signed_distance_to_margin + distance_to_coast + bed_roughness,bed_elevation + distance_to_coast,1952.865,0.2667291
bed_elevation + signed_distance_to_margin + distance_to_coast + bed_roughness,bed_elevation + bed_slope,1942.5833,0.27832103
bed_elevation + signed_distance_to_margin + distance_to_coast + bed_roughness,bed_elevation + bed_roughness,1950.0245,0.2672046
bed_elevation + signed_distance_to_margin + distance_to_coast + bed_roughness,signed_distance_to_margin + distance_to_coast,1981.0999,0.23980415
bed_elevation + signed_distance_to_margin + distance_to_coast + bed_roughness,signed_distance_to_margin + bed_slope,1949.0713,0.2645537
bed_elevation + signed_distance_to_margin + distance_to_coast + bed_roughness,signed_distance_to_margin + bed_roughness,1974.8328,0.24583489
bed_elevation + signed_distance_to_margin + distance_to_coast + bed_roughness,distance_to_coast + bed_slope,1982.5293,0.23860371
bed_elevation + signed_distance_to_margin + distance_to_coast + bed_roughness,distance_to_coast + bed_roughness,1983.6498,0.23762816
bed_elevation + signed_distance_to_margin + distance_to_coast + bed_roughness,bed_slope + bed_roughness,1979.5243,0.24235475
bed_elevation + signed_distance_to_margin + distance_to_coast + bed_roughness,bed_elevation + signed_distance_to_margin + distance_to_coast,1955.2156,0.26417974
bed_elevation + signed_distance_to_margin + distance_to_coast + bed_roughness,bed_elevation + signed_distance_to_margin + bed_slope,1953.6527,0.26567233
bed_elevation + signed_distance_to_margin + distance_to_coast + bed_roughness,bed_elevation + signed_distance_to_margin + bed_roughness,1955.2007,0.2648008
bed_elevation + signed_distance_to_margin + distance_to_coast + bed_roughness,bed_elevation + distance_to_coast + bed_slope,1980.384,0.2390162
bed_elevation + signed_distance_to_margin + distance_to_coast + bed_roughness,bed_elevation + distance_to_coast + bed_roughness,1975.6448,0.2432436
bed_elevation + signed_distance_to_margin + distance_to_coast + bed_roughness,bed_elevation + bed_slope + bed_roughness,1952.8677,0.2672165
bed_elevation + signed_distance_to_margin + distance_to_coast + bed_roughness,signed_distance_to_margin + distance_to_coast + bed_slope,1971.1321,0.2449069
bed_elevation + signed_distance_to_margin + distance_to_coast + bed_roughness,signed_distance_to_margin + distance_to_coast + bed_roughness,1963.4452,0.2579196
bed_elevation + signed_distance_to_margin + distance_to_coast + bed_roughness,signed_distance_to_margin + bed_slope + bed_roughness,1971.9756,0.2532249
bed_elevation + signed_distance_to_margin + distance_to_coast + bed_roughness,distance_to_coast + bed_slope + bed_roughness,1989.6414,0.23495671
bed_elevation + signed_distance_to_margin + distance_to_coast + bed_roughness,bed_elevation + signed_distance_to_margin + distance_to_coast + bed_slope,1978.8545,0.24111313
bed_elevation + signed_distance_to_margin + distance_to_coast + bed_roughness,bed_elevation + signed_distance_to_margin + distance_to_coast + bed_roughness,1953.3623,0.2665777
bed_elevation + signed_distance_to_margin + distance_to_coast + bed_roughness,bed_elevation + signed_distance_to_margin + bed_slope + bed_roughness,1946.6078,0.27500585
bed_elevation + signed_distance_to_margin + distance_to_coast + bed_roughness,bed_elevation + distance_to_coast + bed_slope + bed_roughness,2022.7559,0.2187185
bed_elevation + signed_distance_to_margin + distance_to_coast + bed_roughness,signed_distance_to_margin + distance_to_coast + bed_slope + bed_roughness,1999.0464,0.22945833
bed_elevation + signed_distance_to_margin + distance_to_coast + bed_roughness,bed_elevation + signed_distance_to_margin + distance_to_coast + bed_slope + bed_roughness,1953.2065,0.26692602
bed_elevation + signed_distance_to_margin + bed_slope + bed_roughness,None,1976.3713,0.2508819
bed_elevation + signed_distance_to_margin + bed_slope + bed_roughness,bed_elevation,1954.2664,0.2718397
bed_elevation + signed_distance_to_margin + bed_slope + bed_roughness,signed_distance_to_margin,1978.0437,0.24975386
bed_elevation + signed_distance_to_margin + bed_slope + bed_roughness,distance_to_coast,1971.7437,0.25448087
bed_elevation + signed_distance_to_margin + bed_slope + bed_roughness,bed_slope,1966.5084,0.2592306
bed_elevation + signed_distance_to_margin + bed_slope + bed_roughness,bed_roughness,1973.9629,0.2525956
bed_elevation + signed_distance_to_margin + bed_slope + bed_roughness,bed_elevation + signed_distance_to_margin,1960.2996,0.26569623
bed_elevation + signed_distance_to_margin + bed_slope + bed_roughness,bed_elevation + distance_to_coast,1959.9033,0.2653745
bed_elevation + signed_distance_to_margin + bed_slope + bed_roughness,bed_elevation + bed_slope,1937.6648,0.2892763
bed_elevation + signed_distance_to_margin + bed_slope + bed_roughness,bed_elevation + bed_roughness,1961.1306,0.26856932
bed_elevation + signed_distance_to_margin + bed_slope + bed_roughness,signed_distance_to_margin + distance_to_coast,1985.9755,0.24716118
bed_elevation + signed_distance_to_margin + bed_slope + bed_roughness,signed_distance_to_margin + bed_slope,1976.3347,0.25325665
bed_elevation + signed_distance_to_margin + bed_slope + bed_roughness,signed_distance_to_margin + bed_roughness,1970.477,0.25702226
bed_elevation + signed_distance_to_margin + bed_slope + bed_roughness,distance_to_coast + bed_slope,1974.7783,0.2536524
bed_elevation + signed_distance_to_margin + bed_slope + bed_roughness,distance_to_coast + bed_roughness,1974.8273,0.25376245
bed_elevation + signed_distance_to_margin + bed_slope + bed_roughness,bed_slope + bed_roughness,1995.4766,0.23104134
bed_elevation + signed_distance_to_margin + bed_slope + bed_roughness,bed_elevation + signed_distance_to_margin + distance_to_coast,1957.9106,0.26605502
bed_elevation + signed_distance_to_margin + bed_slope + bed_roughness,bed_elevation + signed_distance_to_margin + bed_slope,1946.3826,0.28000754
bed_elevation + signed_distance_to_margin + bed_slope + bed_roughness,bed_elevation + signed_distance_to_margin + bed_roughness,1961.3534,0.2690883
bed_elevation + signed_distance_to_margin + bed_slope + bed_roughness,bed_elevation + distance_to_coast + bed_slope,1959.1252,0.26462227
bed_elevation + signed_distance_to_margin + bed_slope + bed_roughness,bed_elevation + distance_to_coast + bed_roughness,1980.8586,0.24536791
bed_elevation + signed_distance_to_margin + bed_slope + bed_roughness,bed_elevation + bed_slope + bed_roughness,1942.3792,0.28535423
bed_elevation + signed_distance_to_margin + bed_slope + bed_roughness,signed_distance_to_margin + distance_to_coast + bed_slope,1976.1504,0.25266612
bed_elevation + signed_distance_to_margin + bed_slope + bed_roughness,signed_distance_to_margin + distance_to_coast + bed_roughness,1973.2523,0.25410652
bed_elevation + signed_distance_to_margin + bed_slope + bed_roughness,signed_distance_to_margin + bed_slope + bed_roughness,1975.3,0.25331238
bed_elevation + signed_distance_to_margin + bed_slope + bed_roughness,distance_to_coast + bed_slope + bed_roughness,1973.3223,0.25469875
bed_elevation + signed_distance_to_margin + bed_slope + bed_roughness,bed_elevation + signed_distance_to_margin + distance_to_coast + bed_slope,1960.3883,0.2654279
bed_elevation + signed_distance_to_margin + bed_slope + bed_roughness,bed_elevation + signed_distance_to_margin + distance_to_coast + bed_roughness,1960.801,0.26251486
bed_elevation + signed_distance_to_margin + bed_slope + bed_roughness,bed_elevation + signed_distance_to_margin + bed_slope + bed_roughness,1941.5679,0.2861425
bed_elevation + signed_distance_to_margin + bed_slope + bed_roughness,bed_elevation + distance_to_coast + bed_slope + bed_roughness,1960.01,0.26636583
bed_elevation + signed_distance_to_margin + bed_slope + bed_roughness,signed_distance_to_margin + distance_to_coast + bed_slope + bed_roughness,1997.7993,0.22999239
bed_elevation + signed_distance_to_margin + bed_slope + bed_roughness,bed_elevation + signed_distance_to_margin + distance_to_coast + bed_slope + bed_roughness,1991.9104,0.23434225
bed_elevation + distance_to_coast + bed_slope + bed_roughness,None,2125.748,0.12679681
bed_elevation + distance_to_coast + bed_slope + bed_roughness,bed_elevation,2124.3723,0.13357714
bed_elevation + distance_to_coast + bed_slope + bed_roughness,signed_distance_to_margin,2075.504,0.18261558
bed_elevation + distance_to_coast + bed_slope + bed_roughness,distance_to_coast,2128.1929,0.12760505
bed_elevation + distance_to_coast + bed_slope + bed_roughness,bed_slope,2119.9468,0.14150748
bed_elevation + distance_to_coast + bed_slope + bed_roughness,bed_roughness,2137.4912,0.121273726
bed_elevation + distance_to_coast + bed_slope + bed_roughness,bed_elevation + signed_distance_to_margin,2081.955,0.17527997
bed_elevation + distance_to_coast + bed_slope + bed_roughness,bed_elevation + distance_to_coast,2115.1729,0.13558906
bed_elevation + distance_to_coast + bed_slope + bed_roughness,bed_elevation + bed_slope,2113.2046,0.14332324
bed_elevation + distance_to_coast + bed_slope + bed_roughness,bed_elevation + bed_roughness,2138.1436,0.11603987
bed_elevation + distance_to_coast + bed_slope + bed_roughness,signed_distance_to_margin + distance_to_coast,2074.9736,0.18610132
bed_elevation + distance_to_coast + bed_slope + bed_roughness,signed_distance_to_margin + bed_slope,2121.582,0.13795921
bed_elevation + distance_to_coast + bed_slope + bed_roughness,signed_distance_to_margin + bed_roughness,2139.3494,0.11550075
bed_elevation + distance_to_coast + bed_slope + bed_roughness,distance_to_coast + bed_slope,2135.66,0.11800665
bed_elevation + distance_to_coast + bed_slope + bed_roughness,distance_to_coast + bed_roughness,2125.3755,0.12886587
bed_elevation + distance_to_coast + bed_slope + bed_roughness,bed_slope + bed_roughness,2206.9714,0.07073107
bed_elevation + distance_to_coast + bed_slope + bed_roughness,bed_elevation + signed_distance_to_margin + distance_to_coast,2125.4937,0.13031292
bed_elevation + distance_to_coast + bed_slope + bed_roughness,bed_elevation + signed_distance_to_margin + bed_slope,2122.5977,0.13331813
bed_elevation + distance_to_coast + bed_slope + bed_roughness,bed_elevation + signed_distance_to_margin + bed_roughness,2141.4475,0.11314082
bed_elevation + distance_to_coast + bed_slope + bed_roughness,bed_elevation + distance_to_coast + bed_slope,2128.8796,0.12667069
bed_elevation + distance_to_coast + bed_slope + bed_roughness,bed_elevation + distance_to_coast + bed_roughness,2137.1482,0.11976153
bed_elevation + distance_to_coast + bed_slope + bed_roughness,bed_elevation + bed_slope + bed_roughness,2160.2383,0.10198182
bed_elevation + distance_to_coast + bed_slope + bed_roughness,signed_distance_to_margin + distance_to_coast + bed_slope,2153.112,0.104142696
bed_elevation + distance_to_coast + bed_slope + bed_roughness,signed_distance_to_margin + distance_to_coast + bed_roughness,2158.5322,0.09857011
bed_elevation + distance_to_coast + bed_slope + bed_roughness,signed_distance_to_margin + bed_slope + bed_roughness,2176.477,0.07657197
bed_elevation + distance_to_coast + bed_slope + bed_roughness,distance_to_coast + bed_slope + bed_roughness,2134.7974,0.12507963
bed_elevation + distance_to_coast + bed_slope + bed_roughness,bed_elevation + signed_distance_to_margin + distance_to_coast + bed_slope,2141.4426,0.11364573
bed_elevation + distance_to_coast + bed_slope + bed_roughness,bed_elevation + signed_distance_to_margin + distance_to_coast + bed_roughness,2144.8853,0.10892874
bed_elevation + distance_to_coast + bed_slope + bed_roughness,bed_elevation + signed_distance_to_margin + bed_slope + bed_roughness,2144.8853,0.11020121
bed_elevation + distance_to_coast + bed_slope + bed_roughness,bed_elevation + distance_to_coast + bed_slope + bed_roughness,2131.2905,0.12503034
bed_elevation + distance_to_coast + bed_slope + bed_roughness,signed_distance_to_margin + distance_to_coast + bed_slope + bed_roughness,2160.4421,0.09714341
bed_elevation + distance_to_coast + bed_slope + bed_roughness,bed_elevation + signed_distance_to_margin + distance_to_coast + bed_slope + bed_roughness,2148.5093,0.10651487
signed_distance_to_margin + distance_to_coast + bed_slope + bed_roughness,None,1983.0823,0.24268758
signed_distance_to_margin + distance_to_coast + bed_slope + bed_roughness,bed_elevation,1957.66,0.26037666
signed_distance_to_margin + distance_to_coast + bed_slope + bed_roughness,signed_distance_to_margin,1983.0281,0.24313042
signed_distance_to_margin + distance_to_coast + bed_slope + bed_roughness,distance_to_coast,2002.1775,0.22311446
signed_distance_to_margin + distance_to_coast + bed_slope + bed_roughness,bed_slope,1974.2444,0.25169343
signed_distance_to_margin + distance_to_coast + bed_slope + bed_roughness,bed_roughness,1983.3702,0.24123654
signed_distance_to_margin + distance_to_coast + bed_slope + bed_roughness,bed_elevation + signed_distance_to_margin,1958.8892,0.2606996
signed_distance_to_margin + distance_to_coast + bed_slope + bed_roughness,bed_elevation + distance_to_coast,1957.115,0.26208365
signed_distance_to_margin + distance_to_coast + bed_slope + bed_roughness,bed_elevation + bed_slope,1953.198,0.26500818
signed_distance_to_margin + distance_to_coast + bed_slope + bed_roughness,bed_elevation + bed_roughness,1977.4014,0.24618942
signed_distance_to_margin + distance_to_coast + bed_slope + bed_roughness,signed_distance_to_margin + distance_to_coast,1984.4424,0.24220386
signed_distance_to_margin + distance_to_coast + bed_slope + bed_roughness,signed_distance_to_margin + bed_slope,1981.5594,0.24398404
signed_distance_to_margin + distance_to_coast + bed_slope + bed_roughness,signed_distance_to_margin + bed_roughness,1976.9453,0.24659652
signed_distance_to_margin + distance_to_coast + bed_slope + bed_roughness,distance_to_coast + bed_slope,1982.5657,0.23616955
signed_distance_to_margin + distance_to_coast + bed_slope + bed_roughness,distance_to_coast + bed_roughness,2002.4824,0.22074485
signed_distance_to_margin + distance_to_coast + bed_slope + bed_roughness,bed_slope + bed_roughness,1990.1621,0.22527471
signed_distance_to_margin + distance_to_coast + bed_slope + bed_roughness,bed_elevation + signed_distance_to_margin + distance_to_coast,1981.4808,0.23607448
signed_distance_to_margin + distance_to_coast + bed_slope + bed_roughness,bed_elevation + signed_distance_to_margin + bed_slope,1961.0292,0.26081544
signed_distance_to_margin + distance_to_coast + bed_slope + bed_roughness,bed_elevation + signed_distance_to_margin + bed_roughness,1951.4471,0.26766476
signed_distance_to_margin + distance_to_coast + bed_slope + bed_roughness,bed_elevation + distance_to_coast + bed_slope,1973.3943,0.24264109
signed_distance_to_margin + distance_to_coast + bed_slope + bed_roughness,bed_elevation + distance_to_coast + bed_roughness,1977.5718,0.24053112
signed_distance_to_margin + distance_to_coast + bed_slope + bed_roughness,bed_elevation + bed_slope + bed_roughness,1970.6101,0.25454262
signed_distance_to_margin + distance_to_coast + bed_slope + bed_roughness,signed_distance_to_margin + distance_to_coast + bed_slope,2011.2185,0.21851674
signed_distance_to_margin + distance_to_coast + bed_slope + bed_roughness,signed_distance_to_margin + distance_to_coast + bed_roughness,1980.5322,0.24611324
signed_distance_to_margin + distance_to_coast + bed_slope + bed_roughness,signed_distance_to_margin + bed_slope + bed_roughness,1980.3501,0.24529234
signed_distance_to_margin + distance_to_coast + bed_slope + bed_roughness,distance_to_coast + bed_slope + bed_roughness,2007.5447,0.21670476
signed_distance_to_margin + distance_to_coast + bed_slope + bed_roughness,bed_elevation + signed_distance_to_margin + distance_to_coast + bed_slope,1974.5576,0.24359515
signed_distance_to_margin + distance_to_coast + bed_slope + bed_roughness,bed_elevation + signed_distance_to_margin + distance_to_coast + bed_roughness,1978.7697,0.23843983
signed_distance_to_margin + distance_to_coast + bed_slope + bed_roughness,bed_elevation + signed_distance_to_margin + bed_slope + bed_roughness,1954.8618,0.26516286
signed_distance_to_margin + distance_to_coast + bed_slope + bed_roughness,bed_elevation + distance_to_coast + bed_slope + bed_roughness,1953.8699,0.2665361
signed_distance_to_margin + distance_to_coast + bed_slope + bed_roughness,signed_distance_to_margin + distance_to_coast + bed_slope + bed_roughness,2007.3823,0.21742031
signed_distance_to_margin + distance_to_coast + bed_slope + bed_roughness,bed_elevation + signed_distance_to_margin + distance_to_coast + bed_slope + bed_roughness,1975.0247,0.24248827
bed_elevation + signed_distance_to_margin + distance_to_coast + bed_slope + bed_roughness,None,1962.1113,0.2569573
bed_elevation + signed_distance_to_margin + distance_to_coast + bed_slope + bed_roughness,bed_elevation,1951.5073,0.265896
bed_elevation + signed_distance_to_margin + distance_to_coast + bed_slope + bed_roughness,signed_distance_to_margin,1955.7368,0.26459557
bed_elevation + signed_distance_to_margin + distance_to_coast + bed_slope + bed_roughness,distance_to_coast,1960.1046,0.2587488
bed_elevation + signed_distance_to_margin + distance_to_coast + bed_slope + bed_roughness,bed_slope,1932.7917,0.27515835
bed_elevation + signed_distance_to_margin + distance_to_coast + bed_slope + bed_roughness,bed_roughness,1963.8574,0.25801542
bed_elevation + signed_distance_to_margin + distance_to_coast + bed_slope + bed_roughness,bed_elevation + signed_distance_to_margin,1953.2747,0.2650883
bed_elevation + signed_distance_to_margin + distance_to_coast + bed_slope + bed_roughness,bed_elevation + distance_to_coast,1975.8652,0.24059647
bed_elevation + signed_distance_to_margin + distance_to_coast + bed_slope + bed_roughness,bed_elevation + bed_slope,1949.7972,0.26636714
bed_elevation + signed_distance_to_margin + distance_to_coast + bed_slope + bed_roughness,bed_elevation + bed_roughness,1939.9918,0.275041
bed_elevation + signed_distance_to_margin + distance_to_coast + bed_slope + bed_roughness,signed_distance_to_margin + distance_to_coast,1962.8522,0.25715023
bed_elevation + signed_distance_to_margin + distance_to_coast + bed_slope + bed_roughness,signed_distance_to_margin + bed_slope,1952.7502,0.2633473
bed_elevation + signed_distance_to_margin + distance_to_coast + bed_slope + bed_roughness,signed_distance_to_margin + bed_roughness,1959.7131,0.25941953
bed_elevation + signed_distance_to_margin + distance_to_coast + bed_slope + bed_roughness,distance_to_coast + bed_slope,1978.2864,0.24080285
bed_elevation + signed_distance_to_margin + distance_to_coast + bed_slope + bed_roughness,distance_to_coast + bed_roughness,1947.3446,0.26873007
bed_elevation + signed_distance_to_margin + distance_to_coast + bed_slope + bed_roughness,bed_slope + bed_roughness,1982.4725,0.24202988
bed_elevation + signed_distance_to_margin + distance_to_coast + bed_slope + bed_roughness,bed_elevation + signed_distance_to_margin + distance_to_coast,1975.5889,0.24160457
bed_elevation + signed_distance_to_margin + distance_to_coast + bed_slope + bed_roughness,bed_elevation + signed_distance_to_margin + bed_slope,1946.4929,0.27357203
bed_elevation + signed_distance_to_margin + distance_to_coast + bed_slope + bed_roughness,bed_elevation + signed_distance_to_margin + bed_roughness,1981.5671,0.251386
bed_elevation + signed_distance_to_margin + distance_to_coast + bed_slope + bed_roughness,bed_elevation + distance_to_coast + bed_slope,1947.8325,0.26991245
bed_elevation + signed_distance_to_margin + distance_to_coast + bed_slope + bed_roughness,bed_elevation + distance_to_coast + bed_roughness,1952.6389,0.26441732
bed_elevation + signed_distance_to_margin + distance_to_coast + bed_slope + bed_roughness,bed_elevation + bed_slope + bed_roughness,1919.3308,0.28482184
bed_elevation + signed_distance_to_margin + distance_to_coast + bed_slope + bed_roughness,signed_distance_to_margin + distance_to_coast + bed_slope,1960.8645,0.2594252
bed_elevation + signed_distance_to_margin + distance_to_coast + bed_slope + bed_roughness,signed_distance_to_margin + distance_to_coast + bed_roughness,1982.8844,0.23638368
bed_elevation + signed_distance_to_margin + distance_to_coast + bed_slope + bed_roughness,signed_distance_to_margin + bed_slope + bed_roughness,1964.7754,0.25494996
bed_elevation + signed_distance_to_margin + distance_to_coast + bed_slope + bed_roughness,distance_to_coast + bed_slope + bed_roughness,1977.7532,0.2389226
bed_elevation + signed_distance_to_margin + distance_to_coast + bed_slope + bed_roughness,bed_elevation + signed_distance_to_margin + distance_to_coast + bed_slope,1934.74,0.2763334
bed_elevation + signed_distance_to_margin + distance_to_coast + bed_slope + bed_roughness,bed_elevation + signed_distance_to_margin + distance_to_coast + bed_roughness,1943.8723,0.27133262
bed_elevation + signed_distance_to_margin + distance_to_coast + bed_slope + bed_roughness,bed_elevation + signed_distance_to_margin + bed_slope + bed_roughness,1958.9297,0.2647959
bed_elevation + signed_distance_to_margin + distance_to_coast + bed_slope + bed_roughness,bed_elevation + distance_to_coast + bed_slope + bed_roughness,1950.2871,0.26701167
bed_elevation + signed_distance_to_margin + distance_to_coast + bed_slope + bed_roughness,signed_distance_to_margin + distance_to_coast + bed_slope + bed_roughness,1960.245,0.25993773
bed_elevation + signed_distance_to_margin + distance_to_coast + bed_slope + bed_roughness,bed_elevation + signed_distance_to_margin + distance_to_coast + bed_slope + bed_roughness,1974.6367,0.24323514
