name,ages,errors,site,lat,lon,group average,group std_dev,group std_error,x_3413,y_3413
AleHak2014-A-10-CF-4,11256,1156,AleHak2014,71.153,-22.667,11256,,,782591.7478380954,-1905029.814266354
AleHak2014-A-10-CF-4,11256,1156,AleHak2014,71.153,-22.667,9606,,,782591.7478380954,-1905029.814266354
AleHak2014-A-10-CF-4,11256,1156,AleHak2014,71.153,-22.667,12291,,,782591.7478380954,-1905029.814266354
AleHak2014-A-10-CF-4,11256,1156,AleHak2014,71.153,-22.667,8692,,,782591.7478380954,-1905029.814266354
AleHak2014-D-10-CF-9,9606,529,AleHak2014,71.135,-22.759,11256,,,780289.4111930948,-1908136.5771395264
AleHak2014-D-10-CF-9,9606,529,AleHak2014,71.135,-22.759,9606,,,780289.4111930948,-1908136.5771395264
AleHak2014-D-10-CF-9,9606,529,AleHak2014,71.135,-22.759,12291,,,780289.4111930948,-1908136.5771395264
AleHak2014-D-10-CF-9,9606,529,AleHak2014,71.135,-22.759,8692,,,780289.4111930948,-1908136.5771395264
AleHak2014-E-13-GE-1,12291,1639,AleHak2014,70.771,-22.769,11256,,,795278.04929613,-1945759.3815789507
AleHak2014-E-13-GE-1,12291,1639,AleHak2014,70.771,-22.769,9606,,,795278.04929613,-1945759.3815789507
AleHak2014-E-13-GE-1,12291,1639,AleHak2014,70.771,-22.769,12291,,,795278.04929613,-1945759.3815789507
AleHak2014-E-13-GE-1,12291,1639,AleHak2014,70.771,-22.769,8692,,,795278.04929613,-1945759.3815789507
AleHak2014-E-13-GE-5,8692,586,AleHak2014,70.774,-22.759,11256,,,795491.2402766636,-1945311.4582768055
AleHak2014-E-13-GE-5,8692,586,AleHak2014,70.774,-22.759,9606,,,795491.2402766636,-1945311.4582768055
AleHak2014-E-13-GE-5,8692,586,AleHak2014,70.774,-22.759,12291,,,795491.2402766636,-1945311.4582768055
AleHak2014-E-13-GE-5,8692,586,AleHak2014,70.774,-22.759,8692,,,795491.2402766636,-1945311.4582768055
12GRO-7,8191,164,DRYM1,70.21378,-50.4735,8191,,,-206422.067422859,-2154218.1237794925
12GRO-7,8191,164,DRYM1,70.21378,-50.4735,8738,,,-206422.067422859,-2154218.1237794925
12GRO-8,8738,255,DRYM1,70.2131,-50.47272,8191,,,-206399.97137420316,-2154296.402635143
12GRO-8,8738,255,DRYM1,70.2131,-50.47272,8738,,,-206399.97137420316,-2154296.402635143
12GRO-9,8239,165,DRYM2,70.22152,-50.45253,8239,,,-205551.622246573,-2153434.49687788
12GRO-9,8239,165,DRYM2,70.22152,-50.45253,8444,,,-205551.622246573,-2153434.49687788
12GRO-9,8239,165,DRYM2,70.22152,-50.45253,8637,,,-205551.622246573,-2153434.49687788
12GRO-10,8444,169,DRYM2,70.22152,-50.45253,8239,,,-205551.622246573,-2153434.49687788
12GRO-10,8444,169,DRYM2,70.22152,-50.45253,8444,,,-205551.622246573,-2153434.49687788
12GRO-10,8444,169,DRYM2,70.22152,-50.45253,8637,,,-205551.622246573,-2153434.49687788
12GRO-11,8637,160,DRYM2,70.22152,-50.45253,8239,,,-205551.622246573,-2153434.49687788
12GRO-11,8637,160,DRYM2,70.22152,-50.45253,8444,,,-205551.622246573,-2153434.49687788
12GRO-11,8637,160,DRYM2,70.22152,-50.45253,8637,,,-205551.622246573,-2153434.49687788
12GRO-16,7509,230,DRYM3,70.21252,-50.45955,7509,,,-205910.93211330578,-2154408.1608713614
12GRO-16,7509,230,DRYM3,70.21252,-50.45955,7515,,,-205910.93211330578,-2154408.1608713614
12GRO-17,7515,134,DRYM3,70.21252,-50.45955,7509,,,-205910.93211330578,-2154408.1608713614
12GRO-17,7515,134,DRYM3,70.21252,-50.45955,7515,,,-205910.93211330578,-2154408.1608713614
FJM1-16GRO-12,8769,216,FJM1,66.7974,-50.77984,8769,,,-256499.77041465137,-2534061.382421164
FJM1-16GRO-12,8769,216,FJM1,66.7974,-50.77984,9113,,,-256499.77041465137,-2534061.382421164
FJM1-16GRO-12,8769,216,FJM1,66.7974,-50.77984,9119,,,-256499.77041465137,-2534061.382421164
FJM1-16GRO-12,8769,216,FJM1,66.7974,-50.77984,8731,,,-256499.77041465137,-2534061.382421164
FJM1-16GRO-14,9113,267,FJM1,66.79964,-50.77192,8769,,,-256124.09316564264,-2533845.617073717
FJM1-16GRO-14,9113,267,FJM1,66.79964,-50.77192,9113,,,-256124.09316564264,-2533845.617073717
FJM1-16GRO-14,9113,267,FJM1,66.79964,-50.77192,9119,,,-256124.09316564264,-2533845.617073717
FJM1-16GRO-14,9113,267,FJM1,66.79964,-50.77192,8731,,,-256124.09316564264,-2533845.617073717
FJM1-16GRO-15,9119,321,FJM1,66.79989,-50.77032,8769,,,-256050.50169238198,-2533824.7330681323
FJM1-16GRO-15,9119,321,FJM1,66.79989,-50.77032,9113,,,-256050.50169238198,-2533824.7330681323
FJM1-16GRO-15,9119,321,FJM1,66.79989,-50.77032,9119,,,-256050.50169238198,-2533824.7330681323
FJM1-16GRO-15,9119,321,FJM1,66.79989,-50.77032,8731,,,-256050.50169238198,-2533824.7330681323
FJM1-16GRO-16,8731,368,FJM1,66.79979,-50.77116,8769,,,-256088.78286191507,-2533832.1930205147
FJM1-16GRO-16,8731,368,FJM1,66.79979,-50.77116,9113,,,-256088.78286191507,-2533832.1930205147
FJM1-16GRO-16,8731,368,FJM1,66.79979,-50.77116,9119,,,-256088.78286191507,-2533832.1930205147
FJM1-16GRO-16,8731,368,FJM1,66.79979,-50.77116,8731,,,-256088.78286191507,-2533832.1930205147
FJM2-16GRO-71,11126,383,FJM2,66.98943,-51.47161,11126,,,-284636.98861006607,-2509280.5320493956
FJM2-16GRO-71,11126,383,FJM2,66.98943,-51.47161,9274,,,-284636.98861006607,-2509280.5320493956
FJM2-16GRO-71,11126,383,FJM2,66.98943,-51.47161,8872,,,-284636.98861006607,-2509280.5320493956
FJM2-16GRO-71,11126,383,FJM2,66.98943,-51.47161,9007,,,-284636.98861006607,-2509280.5320493956
FJM2-16GRO-73,9274,367,FJM2,66.99014,-51.46722,11126,,,-284435.7190026781,-2509222.868819525
FJM2-16GRO-73,9274,367,FJM2,66.99014,-51.46722,9274,,,-284435.7190026781,-2509222.868819525
FJM2-16GRO-73,9274,367,FJM2,66.99014,-51.46722,8872,,,-284435.7190026781,-2509222.868819525
FJM2-16GRO-73,9274,367,FJM2,66.99014,-51.46722,9007,,,-284435.7190026781,-2509222.868819525
FJM2-16GRO-74,8872,329,FJM2,66.98933,-51.46445,11126,,,-284324.6808719351,-2509327.2745745005
FJM2-16GRO-74,8872,329,FJM2,66.98933,-51.46445,9274,,,-284324.6808719351,-2509327.2745745005
FJM2-16GRO-74,8872,329,FJM2,66.98933,-51.46445,8872,,,-284324.6808719351,-2509327.2745745005
FJM2-16GRO-74,8872,329,FJM2,66.98933,-51.46445,9007,,,-284324.6808719351,-2509327.2745745005
FJM2-16GRO-75,9007,266,FJM2,66.98938,-51.46329,11126,,,-284273.24345694785,-2509327.434286342
FJM2-16GRO-75,9007,266,FJM2,66.98938,-51.46329,9274,,,-284273.24345694785,-2509327.434286342
FJM2-16GRO-75,9007,266,FJM2,66.98938,-51.46329,8872,,,-284273.24345694785,-2509327.434286342
FJM2-16GRO-75,9007,266,FJM2,66.98938,-51.46329,9007,,,-284273.24345694785,-2509327.434286342
MKG-136,10886,420,FONF-LTMOR,70.558,-26.105,10886,,,688384.4830917077,-2011179.235105886
MKG-136,10886,420,FONF-LTMOR,70.558,-26.105,10883,,,688384.4830917077,-2011179.235105886
MKG-136,10886,420,FONF-LTMOR,70.558,-26.105,11135,,,688384.4830917077,-2011179.235105886
MKG-136,10886,420,FONF-LTMOR,70.558,-26.105,12081,,,688384.4830917077,-2011179.235105886
MKG-136,10886,420,FONF-LTMOR,70.558,-26.105,11905,,,688384.4830917077,-2011179.235105886
MKG-136,10886,420,FONF-LTMOR,70.558,-26.105,10473,,,688384.4830917077,-2011179.235105886
MKG-136,10886,420,FONF-LTMOR,70.558,-26.105,10108,,,688384.4830917077,-2011179.235105886
MKG-136,10886,420,FONF-LTMOR,70.558,-26.105,10927,,,688384.4830917077,-2011179.235105886
MKG-135,10883,381,FONF-LTMOR,70.558,-26.105,10886,,,688384.4830917077,-2011179.235105886
MKG-135,10883,381,FONF-LTMOR,70.558,-26.105,10883,,,688384.4830917077,-2011179.235105886
MKG-135,10883,381,FONF-LTMOR,70.558,-26.105,11135,,,688384.4830917077,-2011179.235105886
MKG-135,10883,381,FONF-LTMOR,70.558,-26.105,12081,,,688384.4830917077,-2011179.235105886
MKG-135,10883,381,FONF-LTMOR,70.558,-26.105,11905,,,688384.4830917077,-2011179.235105886
MKG-135,10883,381,FONF-LTMOR,70.558,-26.105,10473,,,688384.4830917077,-2011179.235105886
MKG-135,10883,381,FONF-LTMOR,70.558,-26.105,10108,,,688384.4830917077,-2011179.235105886
MKG-135,10883,381,FONF-LTMOR,70.558,-26.105,10927,,,688384.4830917077,-2011179.235105886
MKG-134,11135,225,FONF-LTMOR,70.558,-26.105,10886,,,688384.4830917077,-2011179.235105886
MKG-134,11135,225,FONF-LTMOR,70.558,-26.105,10883,,,688384.4830917077,-2011179.235105886
MKG-134,11135,225,FONF-LTMOR,70.558,-26.105,11135,,,688384.4830917077,-2011179.235105886
MKG-134,11135,225,FONF-LTMOR,70.558,-26.105,12081,,,688384.4830917077,-2011179.235105886
MKG-134,11135,225,FONF-LTMOR,70.558,-26.105,11905,,,688384.4830917077,-2011179.235105886
MKG-134,11135,225,FONF-LTMOR,70.558,-26.105,10473,,,688384.4830917077,-2011179.235105886
MKG-134,11135,225,FONF-LTMOR,70.558,-26.105,10108,,,688384.4830917077,-2011179.235105886
MKG-134,11135,225,FONF-LTMOR,70.558,-26.105,10927,,,688384.4830917077,-2011179.235105886
MKG-132,12081,258,FONF-LTMOR,70.557,-26.105,10886,,,688420.552011583,-2011284.6138069865
MKG-132,12081,258,FONF-LTMOR,70.557,-26.105,10883,,,688420.552011583,-2011284.6138069865
MKG-132,12081,258,FONF-LTMOR,70.557,-26.105,11135,,,688420.552011583,-2011284.6138069865
MKG-132,12081,258,FONF-LTMOR,70.557,-26.105,12081,,,688420.552011583,-2011284.6138069865
MKG-132,12081,258,FONF-LTMOR,70.557,-26.105,11905,,,688420.552011583,-2011284.6138069865
MKG-132,12081,258,FONF-LTMOR,70.557,-26.105,10473,,,688420.552011583,-2011284.6138069865
MKG-132,12081,258,FONF-LTMOR,70.557,-26.105,10108,,,688420.552011583,-2011284.6138069865
MKG-132,12081,258,FONF-LTMOR,70.557,-26.105,10927,,,688420.552011583,-2011284.6138069865
MKG-129,11905,238,FONF-LTMOR,70.557,-26.105,10886,,,688420.552011583,-2011284.6138069865
MKG-129,11905,238,FONF-LTMOR,70.557,-26.105,10883,,,688420.552011583,-2011284.6138069865
MKG-129,11905,238,FONF-LTMOR,70.557,-26.105,11135,,,688420.552011583,-2011284.6138069865
MKG-129,11905,238,FONF-LTMOR,70.557,-26.105,12081,,,688420.552011583,-2011284.6138069865
MKG-129,11905,238,FONF-LTMOR,70.557,-26.105,11905,,,688420.552011583,-2011284.6138069865
MKG-129,11905,238,FONF-LTMOR,70.557,-26.105,10473,,,688420.552011583,-2011284.6138069865
MKG-129,11905,238,FONF-LTMOR,70.557,-26.105,10108,,,688420.552011583,-2011284.6138069865
MKG-129,11905,238,FONF-LTMOR,70.557,-26.105,10927,,,688420.552011583,-2011284.6138069865
MKG-123,10473,249,FONF-LTMOR,70.566,-26.105,10886,,,688095.9354679738,-2010336.2164100169
MKG-123,10473,249,FONF-LTMOR,70.566,-26.105,10883,,,688095.9354679738,-2010336.2164100169
MKG-123,10473,249,FONF-LTMOR,70.566,-26.105,11135,,,688095.9354679738,-2010336.2164100169
MKG-123,10473,249,FONF-LTMOR,70.566,-26.105,12081,,,688095.9354679738,-2010336.2164100169
MKG-123,10473,249,FONF-LTMOR,70.566,-26.105,11905,,,688095.9354679738,-2010336.2164100169
MKG-123,10473,249,FONF-LTMOR,70.566,-26.105,10473,,,688095.9354679738,-2010336.2164100169
MKG-123,10473,249,FONF-LTMOR,70.566,-26.105,10108,,,688095.9354679738,-2010336.2164100169
MKG-123,10473,249,FONF-LTMOR,70.566,-26.105,10927,,,688095.9354679738,-2010336.2164100169
MKG-122,10108,234,FONF-LTMOR,70.567,-26.105,10886,,,688059.8674818302,-2010230.8404369
MKG-122,10108,234,FONF-LTMOR,70.567,-26.105,10883,,,688059.8674818302,-2010230.8404369
MKG-122,10108,234,FONF-LTMOR,70.567,-26.105,11135,,,688059.8674818302,-2010230.8404369
MKG-122,10108,234,FONF-LTMOR,70.567,-26.105,12081,,,688059.8674818302,-2010230.8404369
MKG-122,10108,234,FONF-LTMOR,70.567,-26.105,11905,,,688059.8674818302,-2010230.8404369
MKG-122,10108,234,FONF-LTMOR,70.567,-26.105,10473,,,688059.8674818302,-2010230.8404369
MKG-122,10108,234,FONF-LTMOR,70.567,-26.105,10108,,,688059.8674818302,-2010230.8404369
MKG-122,10108,234,FONF-LTMOR,70.567,-26.105,10927,,,688059.8674818302,-2010230.8404369
MKG-121,10927,224,FONF-LTMOR,70.566,-26.105,10886,,,688095.9354679738,-2010336.2164100169
MKG-121,10927,224,FONF-LTMOR,70.566,-26.105,10883,,,688095.9354679738,-2010336.2164100169
MKG-121,10927,224,FONF-LTMOR,70.566,-26.105,11135,,,688095.9354679738,-2010336.2164100169
MKG-121,10927,224,FONF-LTMOR,70.566,-26.105,12081,,,688095.9354679738,-2010336.2164100169
MKG-121,10927,224,FONF-LTMOR,70.566,-26.105,11905,,,688095.9354679738,-2010336.2164100169
MKG-121,10927,224,FONF-LTMOR,70.566,-26.105,10473,,,688095.9354679738,-2010336.2164100169
MKG-121,10927,224,FONF-LTMOR,70.566,-26.105,10108,,,688095.9354679738,-2010336.2164100169
MKG-121,10927,224,FONF-LTMOR,70.566,-26.105,10927,,,688095.9354679738,-2010336.2164100169
MKG-127,11010,224,FONF-PROXM,70.56,-26.105,11010,,,688312.3455632643,-2010968.478613198
MKG-127,11010,224,FONF-PROXM,70.56,-26.105,10227,,,688312.3455632643,-2010968.478613198
MKG-126,10227,240,FONF-PROXM,70.56,-26.105,11010,,,688312.3455632643,-2010968.478613198
MKG-126,10227,240,FONF-PROXM,70.56,-26.105,10227,,,688312.3455632643,-2010968.478613198
13-GE-5,8675,1170,GasM-N,70.4641,-22.4552,8675,,,819026.2795470337,-1972939.6465372841
13-GE-1,12266,3272,GasM-S,70.4625,-22.4616,12266,,,818874.2214708659,-1973195.7629332575
21-GL1455,10139,407,GLETLUKK-L,63.1777,-41.495,10139,,,180820.72148787242,-2952164.7527073566
21-GL1455,10139,407,GLETLUKK-L,63.1777,-41.495,8372,,,180820.72148787242,-2952164.7527073566
21-GL1453,8372,567,GLETLUKK-L,63.1777,-41.495,10139,,,180820.72148787242,-2952164.7527073566
21-GL1453,8372,567,GLETLUKK-L,63.1777,-41.495,8372,,,180820.72148787242,-2952164.7527073566
21-GL1465,9750,183,GLETLUKK-R,63.1558,-41.4948,9750,,,180984.00306080325,-2954661.5466714604
21-GL1465,9750,183,GLETLUKK-R,63.1558,-41.4948,9829,,,180984.00306080325,-2954661.5466714604
21-GL1465,9750,183,GLETLUKK-R,63.1558,-41.4948,10185,,,180984.00306080325,-2954661.5466714604
21-GL1464,9829,225,GLETLUKK-R,63.1557,-41.4947,9750,,,180989.85849169255,-2954672.635060754
21-GL1464,9829,225,GLETLUKK-R,63.1557,-41.4947,9829,,,180989.85849169255,-2954672.635060754
21-GL1464,9829,225,GLETLUKK-R,63.1557,-41.4947,10185,,,180989.85849169255,-2954672.635060754
21-GL1462,10185,193,GLETLUKK-R,63.1558,-41.4936,9750,,,181045.88530783026,-2954657.755503334
21-GL1462,10185,193,GLETLUKK-R,63.1558,-41.4936,9829,,,181045.88530783026,-2954657.755503334
21-GL1462,10185,193,GLETLUKK-R,63.1558,-41.4936,10185,,,181045.88530783026,-2954657.755503334
PEA0719,12401,602,HENSON,83.6142,-32.9454,12401,,,144612.71064440988,-677175.5381353139
PEA0719,12401,602,HENSON,83.6142,-32.9454,12371,,,144612.71064440988,-677175.5381353139
PEA0721,12371,617,HENSON,83.6135,-32.9113,12401,,,145031.63895553554,-677163.7199358287
PEA0721,12371,617,HENSON,83.6135,-32.9113,12371,,,145031.63895553554,-677163.7199358287
WM-006,11111,702,HUMB2,79.922,-63.74,11111,,,-351612.8795449219,-1036412.3886621126
WM-006,11111,702,HUMB2,79.922,-63.74,7868,,,-351612.8795449219,-1036412.3886621126
WM-006,11111,702,HUMB2,79.922,-63.74,8734,,,-351612.8795449219,-1036412.3886621126
WM-006,11111,702,HUMB2,79.922,-63.74,11294,,,-351612.8795449219,-1036412.3886621126
WM-006,11111,702,HUMB2,79.922,-63.74,8372,,,-351612.8795449219,-1036412.3886621126
WM-006,11111,702,HUMB2,79.922,-63.74,7542,,,-351612.8795449219,-1036412.3886621126
WM-005,7868,249,HUMB2,79.923,-63.748,11111,,,-351722.50970867387,-1036259.9391408272
WM-005,7868,249,HUMB2,79.923,-63.748,7868,,,-351722.50970867387,-1036259.9391408272
WM-005,7868,249,HUMB2,79.923,-63.748,8734,,,-351722.50970867387,-1036259.9391408272
WM-005,7868,249,HUMB2,79.923,-63.748,11294,,,-351722.50970867387,-1036259.9391408272
WM-005,7868,249,HUMB2,79.923,-63.748,8372,,,-351722.50970867387,-1036259.9391408272
WM-005,7868,249,HUMB2,79.923,-63.748,7542,,,-351722.50970867387,-1036259.9391408272
WM-004,8734,341,HUMB2,79.923,-63.758,11111,,,-351903.36582916096,-1036198.5361995194
WM-004,8734,341,HUMB2,79.923,-63.758,7868,,,-351903.36582916096,-1036198.5361995194
WM-004,8734,341,HUMB2,79.923,-63.758,8734,,,-351903.36582916096,-1036198.5361995194
WM-004,8734,341,HUMB2,79.923,-63.758,11294,,,-351903.36582916096,-1036198.5361995194
WM-004,8734,341,HUMB2,79.923,-63.758,8372,,,-351903.36582916096,-1036198.5361995194
WM-004,8734,341,HUMB2,79.923,-63.758,7542,,,-351903.36582916096,-1036198.5361995194
WM-003,11294,734,HUMB2,79.923,-63.759,11111,,,-351921.4508517231,-1036192.394169315
WM-003,11294,734,HUMB2,79.923,-63.759,7868,,,-351921.4508517231,-1036192.394169315
WM-003,11294,734,HUMB2,79.923,-63.759,8734,,,-351921.4508517231,-1036192.394169315
WM-003,11294,734,HUMB2,79.923,-63.759,11294,,,-351921.4508517231,-1036192.394169315
WM-003,11294,734,HUMB2,79.923,-63.759,8372,,,-351921.4508517231,-1036192.394169315
WM-003,11294,734,HUMB2,79.923,-63.759,7542,,,-351921.4508517231,-1036192.394169315
WM-002,8372,358,HUMB2,79.923,-63.755,11111,,,-351849.110118321,-1036216.9603962601
WM-002,8372,358,HUMB2,79.923,-63.755,7868,,,-351849.110118321,-1036216.9603962601
WM-002,8372,358,HUMB2,79.923,-63.755,8734,,,-351849.110118321,-1036216.9603962601
WM-002,8372,358,HUMB2,79.923,-63.755,11294,,,-351849.110118321,-1036216.9603962601
WM-002,8372,358,HUMB2,79.923,-63.755,8372,,,-351849.110118321,-1036216.9603962601
WM-002,8372,358,HUMB2,79.923,-63.755,7542,,,-351849.110118321,-1036216.9603962601
WM-001,7542,254,HUMB2,79.923,-63.755,11111,,,-351849.110118321,-1036216.9603962601
WM-001,7542,254,HUMB2,79.923,-63.755,7868,,,-351849.110118321,-1036216.9603962601
WM-001,7542,254,HUMB2,79.923,-63.755,8734,,,-351849.110118321,-1036216.9603962601
WM-001,7542,254,HUMB2,79.923,-63.755,11294,,,-351849.110118321,-1036216.9603962601
WM-001,7542,254,HUMB2,79.923,-63.755,8372,,,-351849.110118321,-1036216.9603962601
WM-001,7542,254,HUMB2,79.923,-63.755,7542,,,-351849.110118321,-1036216.9603962601
21-OED1811A,6651,274,ISUNNORK,67.1579,-50.1045,6651,,,-223000.89757147938,-2496461.6076733554
21-OED1811A,6651,274,ISUNNORK,67.1579,-50.1045,6713,,,-223000.89757147938,-2496461.6076733554
21-OED1811A,6651,274,ISUNNORK,67.1579,-50.1045,6662,,,-223000.89757147938,-2496461.6076733554
21-OED1810A,6713,244,ISUNNORK,67.1601,-50.1004,6651,,,-222800.23642374354,-2496230.876747928
21-OED1810A,6713,244,ISUNNORK,67.1601,-50.1004,6713,,,-222800.23642374354,-2496230.876747928
21-OED1810A,6713,244,ISUNNORK,67.1601,-50.1004,6662,,,-222800.23642374354,-2496230.876747928
21-OED1809A,6662,295,ISUNNORK,67.1601,-50.1005,6651,,,-222804.59316817316,-2496230.487884356
21-OED1809A,6662,295,ISUNNORK,67.1601,-50.1005,6713,,,-222804.59316817316,-2496230.487884356
21-OED1809A,6662,295,ISUNNORK,67.1601,-50.1005,6662,,,-222804.59316817316,-2496230.487884356
KN08-22,7798,214,KEGM1,67.0445,-50.536,7798,,,-243027.2696366827,-2507420.232660813
KN09-08,7991,192,KEGM2,67.0446,-50.5352,7991,,,-242991.1731408579,-2507412.41644286
KN09-08,7991,192,KEGM2,67.0446,-50.5352,8091,,,-242991.1731408579,-2507412.41644286
GRE-10,8091,1757,KEGM2,67.425,-50.201,7991,,,-224480.73782235177,-2466151.1753845746
GRE-10,8091,1757,KEGM2,67.425,-50.201,8091,,,-224480.73782235177,-2466151.1753845746
KN09-09,7811,210,KEGM3,67.0446,-50.5352,7811,,,-242991.1731408579,-2507412.41644286
KN09-09,7811,210,KEGM3,67.0446,-50.5352,8798,,,-242991.1731408579,-2507412.41644286
GRE-11,8798,1240,KEGM3,67.429,-50.211,7811,,,-224870.2983807018,-2465663.9291417976
GRE-11,8798,1240,KEGM3,67.429,-50.211,8798,,,-224870.2983807018,-2465663.9291417976
Kell2008-B-MKG-32,11194,284,Kell2008-B,71.55361,-24.90444,11194,,,692324.6834859576,-1892320.4788033771
Kell2008-B-MKG-32,11194,284,Kell2008-B,71.55361,-24.90444,12071,,,692324.6834859576,-1892320.4788033771
Kell2008-B-MKG-32,11194,284,Kell2008-B,71.55361,-24.90444,11408,,,692324.6834859576,-1892320.4788033771
Kell2008-B-MKG-32,11194,284,Kell2008-B,71.55361,-24.90444,11753,,,692324.6834859576,-1892320.4788033771
Kell2008-B-MKG-32,11194,284,Kell2008-B,71.55361,-24.90444,12381,,,692324.6834859576,-1892320.4788033771
Kell2008-B-MKG-32,11194,284,Kell2008-B,71.55361,-24.90444,12212,,,692324.6834859576,-1892320.4788033771
Kell2008-B-MKG-32,11194,284,Kell2008-B,71.55361,-24.90444,10851,,,692324.6834859576,-1892320.4788033771
Kell2008-B-MKG-32,11194,284,Kell2008-B,71.55361,-24.90444,12402,,,692324.6834859576,-1892320.4788033771
Kell2008-B-MKG-32,11194,284,Kell2008-B,71.55361,-24.90444,11078,,,692324.6834859576,-1892320.4788033771
Kell2008-B-MKG-32,11194,284,Kell2008-B,71.55361,-24.90444,11912,,,692324.6834859576,-1892320.4788033771
Kell2008-B-MKG-36,12071,405,Kell2008-B,71.54306,-24.88722,11194,,,693296.3294104323,-1893212.6658914788
Kell2008-B-MKG-36,12071,405,Kell2008-B,71.54306,-24.88722,12071,,,693296.3294104323,-1893212.6658914788
Kell2008-B-MKG-36,12071,405,Kell2008-B,71.54306,-24.88722,11408,,,693296.3294104323,-1893212.6658914788
Kell2008-B-MKG-36,12071,405,Kell2008-B,71.54306,-24.88722,11753,,,693296.3294104323,-1893212.6658914788
Kell2008-B-MKG-36,12071,405,Kell2008-B,71.54306,-24.88722,12381,,,693296.3294104323,-1893212.6658914788
Kell2008-B-MKG-36,12071,405,Kell2008-B,71.54306,-24.88722,12212,,,693296.3294104323,-1893212.6658914788
Kell2008-B-MKG-36,12071,405,Kell2008-B,71.54306,-24.88722,10851,,,693296.3294104323,-1893212.6658914788
Kell2008-B-MKG-36,12071,405,Kell2008-B,71.54306,-24.88722,12402,,,693296.3294104323,-1893212.6658914788
Kell2008-B-MKG-36,12071,405,Kell2008-B,71.54306,-24.88722,11078,,,693296.3294104323,-1893212.6658914788
Kell2008-B-MKG-36,12071,405,Kell2008-B,71.54306,-24.88722,11912,,,693296.3294104323,-1893212.6658914788
Kell2008-B-MKG-89,11408,333,Kell2008-B,71.48242,-24.81421,11194,,,698032.5976743738,-1898649.996770141
Kell2008-B-MKG-89,11408,333,Kell2008-B,71.48242,-24.81421,12071,,,698032.5976743738,-1898649.996770141
Kell2008-B-MKG-89,11408,333,Kell2008-B,71.48242,-24.81421,11408,,,698032.5976743738,-1898649.996770141
Kell2008-B-MKG-89,11408,333,Kell2008-B,71.48242,-24.81421,11753,,,698032.5976743738,-1898649.996770141
Kell2008-B-MKG-89,11408,333,Kell2008-B,71.48242,-24.81421,12381,,,698032.5976743738,-1898649.996770141
Kell2008-B-MKG-89,11408,333,Kell2008-B,71.48242,-24.81421,12212,,,698032.5976743738,-1898649.996770141
Kell2008-B-MKG-89,11408,333,Kell2008-B,71.48242,-24.81421,10851,,,698032.5976743738,-1898649.996770141
Kell2008-B-MKG-89,11408,333,Kell2008-B,71.48242,-24.81421,12402,,,698032.5976743738,-1898649.996770141
Kell2008-B-MKG-89,11408,333,Kell2008-B,71.48242,-24.81421,11078,,,698032.5976743738,-1898649.996770141
Kell2008-B-MKG-89,11408,333,Kell2008-B,71.48242,-24.81421,11912,,,698032.5976743738,-1898649.996770141
Kell2008-B-MKG-92,11753,318,Kell2008-B,71.47827,-24.80632,11194,,,698453.1937950198,-1898986.5495086655
Kell2008-B-MKG-92,11753,318,Kell2008-B,71.47827,-24.80632,12071,,,698453.1937950198,-1898986.5495086655
Kell2008-B-MKG-92,11753,318,Kell2008-B,71.47827,-24.80632,11408,,,698453.1937950198,-1898986.5495086655
Kell2008-B-MKG-92,11753,318,Kell2008-B,71.47827,-24.80632,11753,,,698453.1937950198,-1898986.5495086655
Kell2008-B-MKG-92,11753,318,Kell2008-B,71.47827,-24.80632,12381,,,698453.1937950198,-1898986.5495086655
Kell2008-B-MKG-92,11753,318,Kell2008-B,71.47827,-24.80632,12212,,,698453.1937950198,-1898986.5495086655
Kell2008-B-MKG-92,11753,318,Kell2008-B,71.47827,-24.80632,10851,,,698453.1937950198,-1898986.5495086655
Kell2008-B-MKG-92,11753,318,Kell2008-B,71.47827,-24.80632,12402,,,698453.1937950198,-1898986.5495086655
Kell2008-B-MKG-92,11753,318,Kell2008-B,71.47827,-24.80632,11078,,,698453.1937950198,-1898986.5495086655
Kell2008-B-MKG-92,11753,318,Kell2008-B,71.47827,-24.80632,11912,,,698453.1937950198,-1898986.5495086655
Kell2008-B-MKG-98,12381,415,Kell2008-B,71.51181,-24.81143,11194,,,696997.9817888505,-1895551.8558553576
Kell2008-B-MKG-98,12381,415,Kell2008-B,71.51181,-24.81143,12071,,,696997.9817888505,-1895551.8558553576
Kell2008-B-MKG-98,12381,415,Kell2008-B,71.51181,-24.81143,11408,,,696997.9817888505,-1895551.8558553576
Kell2008-B-MKG-98,12381,415,Kell2008-B,71.51181,-24.81143,11753,,,696997.9817888505,-1895551.8558553576
Kell2008-B-MKG-98,12381,415,Kell2008-B,71.51181,-24.81143,12381,,,696997.9817888505,-1895551.8558553576
Kell2008-B-MKG-98,12381,415,Kell2008-B,71.51181,-24.81143,12212,,,696997.9817888505,-1895551.8558553576
Kell2008-B-MKG-98,12381,415,Kell2008-B,71.51181,-24.81143,10851,,,696997.9817888505,-1895551.8558553576
Kell2008-B-MKG-98,12381,415,Kell2008-B,71.51181,-24.81143,12402,,,696997.9817888505,-1895551.8558553576
Kell2008-B-MKG-98,12381,415,Kell2008-B,71.51181,-24.81143,11078,,,696997.9817888505,-1895551.8558553576
Kell2008-B-MKG-98,12381,415,Kell2008-B,71.51181,-24.81143,11912,,,696997.9817888505,-1895551.8558553576
Kell2008-B-MKG-100,12212,540,Kell2008-B,71.513,-24.9358,11194,,,692836.3827681151,-1896936.1730367262
Kell2008-B-MKG-100,12212,540,Kell2008-B,71.513,-24.9358,12071,,,692836.3827681151,-1896936.1730367262
Kell2008-B-MKG-100,12212,540,Kell2008-B,71.513,-24.9358,11408,,,692836.3827681151,-1896936.1730367262
Kell2008-B-MKG-100,12212,540,Kell2008-B,71.513,-24.9358,11753,,,692836.3827681151,-1896936.1730367262
Kell2008-B-MKG-100,12212,540,Kell2008-B,71.513,-24.9358,12381,,,692836.3827681151,-1896936.1730367262
Kell2008-B-MKG-100,12212,540,Kell2008-B,71.513,-24.9358,12212,,,692836.3827681151,-1896936.1730367262
Kell2008-B-MKG-100,12212,540,Kell2008-B,71.513,-24.9358,10851,,,692836.3827681151,-1896936.1730367262
Kell2008-B-MKG-100,12212,540,Kell2008-B,71.513,-24.9358,12402,,,692836.3827681151,-1896936.1730367262
Kell2008-B-MKG-100,12212,540,Kell2008-B,71.513,-24.9358,11078,,,692836.3827681151,-1896936.1730367262
Kell2008-B-MKG-100,12212,540,Kell2008-B,71.513,-24.9358,11912,,,692836.3827681151,-1896936.1730367262
Kell2008-B-MKG-101,10851,445,Kell2008-B,71.513,-24.9358,11194,,,692836.3827681151,-1896936.1730367262
Kell2008-B-MKG-101,10851,445,Kell2008-B,71.513,-24.9358,12071,,,692836.3827681151,-1896936.1730367262
Kell2008-B-MKG-101,10851,445,Kell2008-B,71.513,-24.9358,11408,,,692836.3827681151,-1896936.1730367262
Kell2008-B-MKG-101,10851,445,Kell2008-B,71.513,-24.9358,11753,,,692836.3827681151,-1896936.1730367262
Kell2008-B-MKG-101,10851,445,Kell2008-B,71.513,-24.9358,12381,,,692836.3827681151,-1896936.1730367262
Kell2008-B-MKG-101,10851,445,Kell2008-B,71.513,-24.9358,12212,,,692836.3827681151,-1896936.1730367262
Kell2008-B-MKG-101,10851,445,Kell2008-B,71.513,-24.9358,10851,,,692836.3827681151,-1896936.1730367262
Kell2008-B-MKG-101,10851,445,Kell2008-B,71.513,-24.9358,12402,,,692836.3827681151,-1896936.1730367262
Kell2008-B-MKG-101,10851,445,Kell2008-B,71.513,-24.9358,11078,,,692836.3827681151,-1896936.1730367262
Kell2008-B-MKG-101,10851,445,Kell2008-B,71.513,-24.9358,11912,,,692836.3827681151,-1896936.1730367262
Kell2008-B-MKG-102,12402,300,Kell2008-B,71.51228,-24.9381,11194,,,692787.6700855106,-1897039.1102770907
Kell2008-B-MKG-102,12402,300,Kell2008-B,71.51228,-24.9381,12071,,,692787.6700855106,-1897039.1102770907
Kell2008-B-MKG-102,12402,300,Kell2008-B,71.51228,-24.9381,11408,,,692787.6700855106,-1897039.1102770907
Kell2008-B-MKG-102,12402,300,Kell2008-B,71.51228,-24.9381,11753,,,692787.6700855106,-1897039.1102770907
Kell2008-B-MKG-102,12402,300,Kell2008-B,71.51228,-24.9381,12381,,,692787.6700855106,-1897039.1102770907
Kell2008-B-MKG-102,12402,300,Kell2008-B,71.51228,-24.9381,12212,,,692787.6700855106,-1897039.1102770907
Kell2008-B-MKG-102,12402,300,Kell2008-B,71.51228,-24.9381,10851,,,692787.6700855106,-1897039.1102770907
Kell2008-B-MKG-102,12402,300,Kell2008-B,71.51228,-24.9381,12402,,,692787.6700855106,-1897039.1102770907
Kell2008-B-MKG-102,12402,300,Kell2008-B,71.51228,-24.9381,11078,,,692787.6700855106,-1897039.1102770907
Kell2008-B-MKG-102,12402,300,Kell2008-B,71.51228,-24.9381,11912,,,692787.6700855106,-1897039.1102770907
Kell2008-B-MKG-103,11078,274,Kell2008-B,71.51115,-24.93892,11194,,,692803.5775046708,-1897166.9328874217
Kell2008-B-MKG-103,11078,274,Kell2008-B,71.51115,-24.93892,12071,,,692803.5775046708,-1897166.9328874217
Kell2008-B-MKG-103,11078,274,Kell2008-B,71.51115,-24.93892,11408,,,692803.5775046708,-1897166.9328874217
Kell2008-B-MKG-103,11078,274,Kell2008-B,71.51115,-24.93892,11753,,,692803.5775046708,-1897166.9328874217
Kell2008-B-MKG-103,11078,274,Kell2008-B,71.51115,-24.93892,12381,,,692803.5775046708,-1897166.9328874217
Kell2008-B-MKG-103,11078,274,Kell2008-B,71.51115,-24.93892,12212,,,692803.5775046708,-1897166.9328874217
Kell2008-B-MKG-103,11078,274,Kell2008-B,71.51115,-24.93892,10851,,,692803.5775046708,-1897166.9328874217
Kell2008-B-MKG-103,11078,274,Kell2008-B,71.51115,-24.93892,12402,,,692803.5775046708,-1897166.9328874217
Kell2008-B-MKG-103,11078,274,Kell2008-B,71.51115,-24.93892,11078,,,692803.5775046708,-1897166.9328874217
Kell2008-B-MKG-103,11078,274,Kell2008-B,71.51115,-24.93892,11912,,,692803.5775046708,-1897166.9328874217
Kell2008-B-MKG-104,11912,293,Kell2008-B,71.5107,-24.9067,11194,,,693887.5035743064,-1896823.9831481175
Kell2008-B-MKG-104,11912,293,Kell2008-B,71.5107,-24.9067,12071,,,693887.5035743064,-1896823.9831481175
Kell2008-B-MKG-104,11912,293,Kell2008-B,71.5107,-24.9067,11408,,,693887.5035743064,-1896823.9831481175
Kell2008-B-MKG-104,11912,293,Kell2008-B,71.5107,-24.9067,11753,,,693887.5035743064,-1896823.9831481175
Kell2008-B-MKG-104,11912,293,Kell2008-B,71.5107,-24.9067,12381,,,693887.5035743064,-1896823.9831481175
Kell2008-B-MKG-104,11912,293,Kell2008-B,71.5107,-24.9067,12212,,,693887.5035743064,-1896823.9831481175
Kell2008-B-MKG-104,11912,293,Kell2008-B,71.5107,-24.9067,10851,,,693887.5035743064,-1896823.9831481175
Kell2008-B-MKG-104,11912,293,Kell2008-B,71.5107,-24.9067,12402,,,693887.5035743064,-1896823.9831481175
Kell2008-B-MKG-104,11912,293,Kell2008-B,71.5107,-24.9067,11078,,,693887.5035743064,-1896823.9831481175
Kell2008-B-MKG-104,11912,293,Kell2008-B,71.5107,-24.9067,11912,,,693887.5035743064,-1896823.9831481175
Kell2008-C-MKG-15,11994,280,Kell2008-C,71.40806,-24.70667,11994,,,704460.3448381447,-1905085.3199002405
KNSK-17GRO-66,9790,279,KNSK,64.2946,-49.7998,9790,,,-236829.98906540475,-2820451.1904269396
KNSK-17GRO-66,9790,279,KNSK,64.2946,-49.7998,10410,,,-236829.98906540475,-2820451.1904269396
KNSK-17GRO-66,9790,279,KNSK,64.2946,-49.7998,6726,,,-236829.98906540475,-2820451.1904269396
KNSK-17GRO-66,9790,279,KNSK,64.2946,-49.7998,10453,,,-236829.98906540475,-2820451.1904269396
KNSK-17GRO-66,9790,279,KNSK,64.2946,-49.7998,11160,,,-236829.98906540475,-2820451.1904269396
KNSK-17GRO-66,9790,279,KNSK,64.2946,-49.7998,10106,,,-236829.98906540475,-2820451.1904269396
KNSK-17GRO-64,10410,389,KNSK,64.2942,-49.8026,9790,,,-236971.6313129483,-2820484.9522338687
KNSK-17GRO-64,10410,389,KNSK,64.2942,-49.8026,10410,,,-236971.6313129483,-2820484.9522338687
KNSK-17GRO-64,10410,389,KNSK,64.2942,-49.8026,6726,,,-236971.6313129483,-2820484.9522338687
KNSK-17GRO-64,10410,389,KNSK,64.2942,-49.8026,10453,,,-236971.6313129483,-2820484.9522338687
KNSK-17GRO-64,10410,389,KNSK,64.2942,-49.8026,11160,,,-236971.6313129483,-2820484.9522338687
KNSK-17GRO-64,10410,389,KNSK,64.2942,-49.8026,10106,,,-236971.6313129483,-2820484.9522338687
KNSK-17GRO-63,6726,177,KNSK,64.29415,-49.80329,9790,,,-237006.0739815971,-2820487.765592146
KNSK-17GRO-63,6726,177,KNSK,64.29415,-49.80329,10410,,,-237006.0739815971,-2820487.765592146
KNSK-17GRO-63,6726,177,KNSK,64.29415,-49.80329,6726,,,-237006.0739815971,-2820487.765592146
KNSK-17GRO-63,6726,177,KNSK,64.29415,-49.80329,10453,,,-237006.0739815971,-2820487.765592146
KNSK-17GRO-63,6726,177,KNSK,64.29415,-49.80329,11160,,,-237006.0739815971,-2820487.765592146
KNSK-17GRO-63,6726,177,KNSK,64.29415,-49.80329,10106,,,-237006.0739815971,-2820487.765592146
KNSK-17GRO-59,10453,358,KNSK,64.29485,-49.79568,9790,,,-236624.7992987987,-2820439.8759563207
KNSK-17GRO-59,10453,358,KNSK,64.29485,-49.79568,10410,,,-236624.7992987987,-2820439.8759563207
KNSK-17GRO-59,10453,358,KNSK,64.29485,-49.79568,6726,,,-236624.7992987987,-2820439.8759563207
KNSK-17GRO-59,10453,358,KNSK,64.29485,-49.79568,10453,,,-236624.7992987987,-2820439.8759563207
KNSK-17GRO-59,10453,358,KNSK,64.29485,-49.79568,11160,,,-236624.7992987987,-2820439.8759563207
KNSK-17GRO-59,10453,358,KNSK,64.29485,-49.79568,10106,,,-236624.7992987987,-2820439.8759563207
KNSK-17GRO-58,11160,345,KNSK,64.29417,-49.79294,9790,,,-236496.38267578976,-2820528.265747071
KNSK-17GRO-58,11160,345,KNSK,64.29417,-49.79294,10410,,,-236496.38267578976,-2820528.265747071
KNSK-17GRO-58,11160,345,KNSK,64.29417,-49.79294,6726,,,-236496.38267578976,-2820528.265747071
KNSK-17GRO-58,11160,345,KNSK,64.29417,-49.79294,10453,,,-236496.38267578976,-2820528.265747071
KNSK-17GRO-58,11160,345,KNSK,64.29417,-49.79294,11160,,,-236496.38267578976,-2820528.265747071
KNSK-17GRO-58,11160,345,KNSK,64.29417,-49.79294,10106,,,-236496.38267578976,-2820528.265747071
KNSK-17GRO-56,10106,424,KNSK,64.29505,-49.78128,9790,,,-235914.04177532787,-2820476.587081978
KNSK-17GRO-56,10106,424,KNSK,64.29505,-49.78128,10410,,,-235914.04177532787,-2820476.587081978
KNSK-17GRO-56,10106,424,KNSK,64.29505,-49.78128,6726,,,-235914.04177532787,-2820476.587081978
KNSK-17GRO-56,10106,424,KNSK,64.29505,-49.78128,10453,,,-235914.04177532787,-2820476.587081978
KNSK-17GRO-56,10106,424,KNSK,64.29505,-49.78128,11160,,,-235914.04177532787,-2820476.587081978
KNSK-17GRO-56,10106,424,KNSK,64.29505,-49.78128,10106,,,-235914.04177532787,-2820476.587081978
LarsInpress-A-PEA-0719,12411,608,L2016-HB-M,83.614155,-32.945399,12411,,,144613.74356035376,-677180.3170849045
LarsInpress-A-PEA-0719,12411,608,L2016-HB-M,83.614155,-32.945399,12372,,,144613.74356035376,-677180.3170849045
LarsInpress-A-PEA-0721,12372,614,L2016-HB-M,83.613542,-32.911343,12411,,,145030.17507295354,-677159.3666365244
LarsInpress-A-PEA-0721,12372,614,L2016-HB-M,83.613542,-32.911343,12372,,,145030.17507295354,-677159.3666365244
GL1622,8583,538,LAMB2,79.1,-20.889,8583,,,483751.6023487305,-1080883.4732195174
GL1622,8583,538,LAMB2,79.1,-20.889,8921,,,483751.6023487305,-1080883.4732195174
GL1620,8921,484,LAMB2,79.101,-20.9,8583,,,483499.4589294283,-1080876.5781818873
GL1620,8921,484,LAMB2,79.101,-20.9,8921,,,483499.4589294283,-1080876.5781818873
Levy2014-A-MKG-161,10062,193,Levy2014-A,70.91,-25.595,10062,,,693239.4878310512,-1968012.041527217
Levy2014-A-MKG-161,10062,193,Levy2014-A,70.91,-25.595,11216,,,693239.4878310512,-1968012.041527217
Levy2014-A-MKG-161,10062,193,Levy2014-A,70.91,-25.595,10607,,,693239.4878310512,-1968012.041527217
Levy2014-A-MKG-161a,11216,245,Levy2014-A,70.91,-25.595,10062,,,693239.4878310512,-1968012.041527217
Levy2014-A-MKG-161a,11216,245,Levy2014-A,70.91,-25.595,11216,,,693239.4878310512,-1968012.041527217
Levy2014-A-MKG-161a,11216,245,Levy2014-A,70.91,-25.595,10607,,,693239.4878310512,-1968012.041527217
Levy2014-A-MKG-162,10607,185,Levy2014-A,70.91,-25.594,10062,,,693273.8360153064,-1967999.9419159049
Levy2014-A-MKG-162,10607,185,Levy2014-A,70.91,-25.594,11216,,,693273.8360153064,-1967999.9419159049
Levy2014-A-MKG-162,10607,185,Levy2014-A,70.91,-25.594,10607,,,693273.8360153064,-1967999.9419159049
Levy2014-B-MKG-160,9523,181,Levy2014-B,70.91,-25.596,9523,,,693205.1394356228,-1968024.1405390385
Levy2014-B-MKG-160,9523,181,Levy2014-B,70.91,-25.596,8311,,,693205.1394356228,-1968024.1405390385
Levy2014-B-LL1031,8311,159,Levy2014-B,70.909,-25.596,9523,,,693242.1059665177,-1968129.089306805
Levy2014-B-LL1031,8311,159,Levy2014-B,70.909,-25.596,8311,,,693242.1059665177,-1968129.089306805
LL-10-06,7090,133,LIVER-LIA,70.883,-22.26,7090,,,807713.6767018186,-1927121.560649294
MKG-247,11539,301,LIVER-LOUT,70.888,-22.264,11539,,,807364.102539584,-1926664.7962117782
MKG-247,11539,301,LIVER-LOUT,70.888,-22.264,12156,,,807364.102539584,-1926664.7962117782
MKG-247,11539,301,LIVER-LOUT,70.888,-22.264,11045,,,807364.102539584,-1926664.7962117782
MKG-249,12156,460,LIVER-LOUT,70.885,-22.265,11539,,,807459.4902710913,-1926986.7777375137
MKG-249,12156,460,LIVER-LOUT,70.885,-22.265,12156,,,807459.4902710913,-1926986.7777375137
MKG-249,12156,460,LIVER-LOUT,70.885,-22.265,11045,,,807459.4902710913,-1926986.7777375137
MKG-246,11045,275,LIVER-LOUT,70.888,-22.264,11539,,,807364.102539584,-1926664.7962117782
MKG-246,11045,275,LIVER-LOUT,70.888,-22.264,12156,,,807364.102539584,-1926664.7962117782
MKG-246,11045,275,LIVER-LOUT,70.888,-22.264,11045,,,807364.102539584,-1926664.7962117782
39-11QOO-04,9024,1122,MARRAIT,69.28439,-50.75616,9024,,,-227453.91372712003,-2256413.1727263522
39-11QOO-04,9024,1122,MARRAIT,69.28439,-50.75616,9136,,,-227453.91372712003,-2256413.1727263522
39-11QOO-04,9024,1122,MARRAIT,69.28439,-50.75616,9055,,,-227453.91372712003,-2256413.1727263522
39-11QOO-04,9024,1122,MARRAIT,69.28439,-50.75616,8051,,,-227453.91372712003,-2256413.1727263522
39-11QOO-04,9024,1122,MARRAIT,69.28439,-50.75616,9093,,,-227453.91372712003,-2256413.1727263522
39-11QOO-04,9024,1122,MARRAIT,69.28439,-50.75616,10467,,,-227453.91372712003,-2256413.1727263522
39-11QOO-04,9024,1122,MARRAIT,69.28439,-50.75616,9265,,,-227453.91372712003,-2256413.1727263522
39-11QOO-04,9024,1122,MARRAIT,69.28439,-50.75616,9494,,,-227453.91372712003,-2256413.1727263522
39-11QOO-04,9024,1122,MARRAIT,69.28439,-50.75616,9007,,,-227453.91372712003,-2256413.1727263522
39-11QOO-04,9024,1122,MARRAIT,69.28439,-50.75616,9668,,,-227453.91372712003,-2256413.1727263522
39-11QOO-05,9136,205,MARRAIT,69.28419,-50.75277,9024,,,-227322.65023742992,-2256448.874473201
39-11QOO-05,9136,205,MARRAIT,69.28419,-50.75277,9136,,,-227322.65023742992,-2256448.874473201
39-11QOO-05,9136,205,MARRAIT,69.28419,-50.75277,9055,,,-227322.65023742992,-2256448.874473201
39-11QOO-05,9136,205,MARRAIT,69.28419,-50.75277,8051,,,-227322.65023742992,-2256448.874473201
39-11QOO-05,9136,205,MARRAIT,69.28419,-50.75277,9093,,,-227322.65023742992,-2256448.874473201
39-11QOO-05,9136,205,MARRAIT,69.28419,-50.75277,10467,,,-227322.65023742992,-2256448.874473201
39-11QOO-05,9136,205,MARRAIT,69.28419,-50.75277,9265,,,-227322.65023742992,-2256448.874473201
39-11QOO-05,9136,205,MARRAIT,69.28419,-50.75277,9494,,,-227322.65023742992,-2256448.874473201
39-11QOO-05,9136,205,MARRAIT,69.28419,-50.75277,9007,,,-227322.65023742992,-2256448.874473201
39-11QOO-05,9136,205,MARRAIT,69.28419,-50.75277,9668,,,-227322.65023742992,-2256448.874473201
39-11QOO-01,9055,302,MARRAIT,69.28441,-50.75686,9024,,,-227481.25670450297,-2256408.1689001666
39-11QOO-01,9055,302,MARRAIT,69.28441,-50.75686,9136,,,-227481.25670450297,-2256408.1689001666
39-11QOO-01,9055,302,MARRAIT,69.28441,-50.75686,9055,,,-227481.25670450297,-2256408.1689001666
39-11QOO-01,9055,302,MARRAIT,69.28441,-50.75686,8051,,,-227481.25670450297,-2256408.1689001666
39-11QOO-01,9055,302,MARRAIT,69.28441,-50.75686,9093,,,-227481.25670450297,-2256408.1689001666
39-11QOO-01,9055,302,MARRAIT,69.28441,-50.75686,10467,,,-227481.25670450297,-2256408.1689001666
39-11QOO-01,9055,302,MARRAIT,69.28441,-50.75686,9265,,,-227481.25670450297,-2256408.1689001666
39-11QOO-01,9055,302,MARRAIT,69.28441,-50.75686,9494,,,-227481.25670450297,-2256408.1689001666
39-11QOO-01,9055,302,MARRAIT,69.28441,-50.75686,9007,,,-227481.25670450297,-2256408.1689001666
39-11QOO-01,9055,302,MARRAIT,69.28441,-50.75686,9668,,,-227481.25670450297,-2256408.1689001666
39-11QOO-01,8051,1035,MARRAIT,69.28441,-50.75686,9024,,,-227481.25670450297,-2256408.1689001666
39-11QOO-01,8051,1035,MARRAIT,69.28441,-50.75686,9136,,,-227481.25670450297,-2256408.1689001666
39-11QOO-01,8051,1035,MARRAIT,69.28441,-50.75686,9055,,,-227481.25670450297,-2256408.1689001666
39-11QOO-01,8051,1035,MARRAIT,69.28441,-50.75686,8051,,,-227481.25670450297,-2256408.1689001666
39-11QOO-01,8051,1035,MARRAIT,69.28441,-50.75686,9093,,,-227481.25670450297,-2256408.1689001666
39-11QOO-01,8051,1035,MARRAIT,69.28441,-50.75686,10467,,,-227481.25670450297,-2256408.1689001666
39-11QOO-01,8051,1035,MARRAIT,69.28441,-50.75686,9265,,,-227481.25670450297,-2256408.1689001666
39-11QOO-01,8051,1035,MARRAIT,69.28441,-50.75686,9494,,,-227481.25670450297,-2256408.1689001666
39-11QOO-01,8051,1035,MARRAIT,69.28441,-50.75686,9007,,,-227481.25670450297,-2256408.1689001666
39-11QOO-01,8051,1035,MARRAIT,69.28441,-50.75686,9668,,,-227481.25670450297,-2256408.1689001666
39-11QOO-02,9093,173,MARRAIT,69.28441,-50.75686,9024,,,-227481.25670450297,-2256408.1689001666
39-11QOO-02,9093,173,MARRAIT,69.28441,-50.75686,9136,,,-227481.25670450297,-2256408.1689001666
39-11QOO-02,9093,173,MARRAIT,69.28441,-50.75686,9055,,,-227481.25670450297,-2256408.1689001666
39-11QOO-02,9093,173,MARRAIT,69.28441,-50.75686,8051,,,-227481.25670450297,-2256408.1689001666
39-11QOO-02,9093,173,MARRAIT,69.28441,-50.75686,9093,,,-227481.25670450297,-2256408.1689001666
39-11QOO-02,9093,173,MARRAIT,69.28441,-50.75686,10467,,,-227481.25670450297,-2256408.1689001666
39-11QOO-02,9093,173,MARRAIT,69.28441,-50.75686,9265,,,-227481.25670450297,-2256408.1689001666
39-11QOO-02,9093,173,MARRAIT,69.28441,-50.75686,9494,,,-227481.25670450297,-2256408.1689001666
39-11QOO-02,9093,173,MARRAIT,69.28441,-50.75686,9007,,,-227481.25670450297,-2256408.1689001666
39-11QOO-02,9093,173,MARRAIT,69.28441,-50.75686,9668,,,-227481.25670450297,-2256408.1689001666
39-11QOO-02,10467,1360,MARRAIT,69.28441,-50.75686,9024,,,-227481.25670450297,-2256408.1689001666
39-11QOO-02,10467,1360,MARRAIT,69.28441,-50.75686,9136,,,-227481.25670450297,-2256408.1689001666
39-11QOO-02,10467,1360,MARRAIT,69.28441,-50.75686,9055,,,-227481.25670450297,-2256408.1689001666
39-11QOO-02,10467,1360,MARRAIT,69.28441,-50.75686,8051,,,-227481.25670450297,-2256408.1689001666
39-11QOO-02,10467,1360,MARRAIT,69.28441,-50.75686,9093,,,-227481.25670450297,-2256408.1689001666
39-11QOO-02,10467,1360,MARRAIT,69.28441,-50.75686,10467,,,-227481.25670450297,-2256408.1689001666
39-11QOO-02,10467,1360,MARRAIT,69.28441,-50.75686,9265,,,-227481.25670450297,-2256408.1689001666
39-11QOO-02,10467,1360,MARRAIT,69.28441,-50.75686,9494,,,-227481.25670450297,-2256408.1689001666
39-11QOO-02,10467,1360,MARRAIT,69.28441,-50.75686,9007,,,-227481.25670450297,-2256408.1689001666
39-11QOO-02,10467,1360,MARRAIT,69.28441,-50.75686,9668,,,-227481.25670450297,-2256408.1689001666
39-11QOO-03,9265,182,MARRAIT,69.28441,-50.75663,9024,,,-227472.1988997522,-2256409.0820502774
39-11QOO-03,9265,182,MARRAIT,69.28441,-50.75663,9136,,,-227472.1988997522,-2256409.0820502774
39-11QOO-03,9265,182,MARRAIT,69.28441,-50.75663,9055,,,-227472.1988997522,-2256409.0820502774
39-11QOO-03,9265,182,MARRAIT,69.28441,-50.75663,8051,,,-227472.1988997522,-2256409.0820502774
39-11QOO-03,9265,182,MARRAIT,69.28441,-50.75663,9093,,,-227472.1988997522,-2256409.0820502774
39-11QOO-03,9265,182,MARRAIT,69.28441,-50.75663,10467,,,-227472.1988997522,-2256409.0820502774
39-11QOO-03,9265,182,MARRAIT,69.28441,-50.75663,9265,,,-227472.1988997522,-2256409.0820502774
39-11QOO-03,9265,182,MARRAIT,69.28441,-50.75663,9494,,,-227472.1988997522,-2256409.0820502774
39-11QOO-03,9265,182,MARRAIT,69.28441,-50.75663,9007,,,-227472.1988997522,-2256409.0820502774
39-11QOO-03,9265,182,MARRAIT,69.28441,-50.75663,9668,,,-227472.1988997522,-2256409.0820502774
39-11QOO-03,9494,1205,MARRAIT,69.28441,-50.75663,9024,,,-227472.1988997522,-2256409.0820502774
39-11QOO-03,9494,1205,MARRAIT,69.28441,-50.75663,9136,,,-227472.1988997522,-2256409.0820502774
39-11QOO-03,9494,1205,MARRAIT,69.28441,-50.75663,9055,,,-227472.1988997522,-2256409.0820502774
39-11QOO-03,9494,1205,MARRAIT,69.28441,-50.75663,8051,,,-227472.1988997522,-2256409.0820502774
39-11QOO-03,9494,1205,MARRAIT,69.28441,-50.75663,9093,,,-227472.1988997522,-2256409.0820502774
39-11QOO-03,9494,1205,MARRAIT,69.28441,-50.75663,10467,,,-227472.1988997522,-2256409.0820502774
39-11QOO-03,9494,1205,MARRAIT,69.28441,-50.75663,9265,,,-227472.1988997522,-2256409.0820502774
39-11QOO-03,9494,1205,MARRAIT,69.28441,-50.75663,9494,,,-227472.1988997522,-2256409.0820502774
39-11QOO-03,9494,1205,MARRAIT,69.28441,-50.75663,9007,,,-227472.1988997522,-2256409.0820502774
39-11QOO-03,9494,1205,MARRAIT,69.28441,-50.75663,9668,,,-227472.1988997522,-2256409.0820502774
39-11QOO-04,9007,202,MARRAIT,69.28439,-50.75616,9024,,,-227453.91372712003,-2256413.1727263522
39-11QOO-04,9007,202,MARRAIT,69.28439,-50.75616,9136,,,-227453.91372712003,-2256413.1727263522
39-11QOO-04,9007,202,MARRAIT,69.28439,-50.75616,9055,,,-227453.91372712003,-2256413.1727263522
39-11QOO-04,9007,202,MARRAIT,69.28439,-50.75616,8051,,,-227453.91372712003,-2256413.1727263522
39-11QOO-04,9007,202,MARRAIT,69.28439,-50.75616,9093,,,-227453.91372712003,-2256413.1727263522
39-11QOO-04,9007,202,MARRAIT,69.28439,-50.75616,10467,,,-227453.91372712003,-2256413.1727263522
39-11QOO-04,9007,202,MARRAIT,69.28439,-50.75616,9265,,,-227453.91372712003,-2256413.1727263522
39-11QOO-04,9007,202,MARRAIT,69.28439,-50.75616,9494,,,-227453.91372712003,-2256413.1727263522
39-11QOO-04,9007,202,MARRAIT,69.28439,-50.75616,9007,,,-227453.91372712003,-2256413.1727263522
39-11QOO-04,9007,202,MARRAIT,69.28439,-50.75616,9668,,,-227453.91372712003,-2256413.1727263522
39-11QOO-05,9668,1195,MARRAIT,69.28419,-50.75277,9024,,,-227322.65023742992,-2256448.874473201
39-11QOO-05,9668,1195,MARRAIT,69.28419,-50.75277,9136,,,-227322.65023742992,-2256448.874473201
39-11QOO-05,9668,1195,MARRAIT,69.28419,-50.75277,9055,,,-227322.65023742992,-2256448.874473201
39-11QOO-05,9668,1195,MARRAIT,69.28419,-50.75277,8051,,,-227322.65023742992,-2256448.874473201
39-11QOO-05,9668,1195,MARRAIT,69.28419,-50.75277,9093,,,-227322.65023742992,-2256448.874473201
39-11QOO-05,9668,1195,MARRAIT,69.28419,-50.75277,10467,,,-227322.65023742992,-2256448.874473201
39-11QOO-05,9668,1195,MARRAIT,69.28419,-50.75277,9265,,,-227322.65023742992,-2256448.874473201
39-11QOO-05,9668,1195,MARRAIT,69.28419,-50.75277,9494,,,-227322.65023742992,-2256448.874473201
39-11QOO-05,9668,1195,MARRAIT,69.28419,-50.75277,9007,,,-227322.65023742992,-2256448.874473201
39-11QOO-05,9668,1195,MARRAIT,69.28419,-50.75277,9668,,,-227322.65023742992,-2256448.874473201
Moll2010-A-PEA-0657,8505,855,Moll2010-A,83.5384,-28.5766,8505,,,198105.69645003593,-672091.8786082892
Moll2010-A-PEA-0657,8505,855,Moll2010-A,83.5384,-28.5766,8009,,,198105.69645003593,-672091.8786082892
Moll2010-A-PEA-0657,8505,855,Moll2010-A,83.5384,-28.5766,9112,,,198105.69645003593,-672091.8786082892
Moll2010-A-PEA-0657,8505,855,Moll2010-A,83.5384,-28.5766,9411,,,198105.69645003593,-672091.8786082892
Moll2010-A-PEA-0657,8505,855,Moll2010-A,83.5384,-28.5766,9294,,,198105.69645003593,-672091.8786082892
Moll2010-A-PEA-0657,8505,855,Moll2010-A,83.5384,-28.5766,7393,,,198105.69645003593,-672091.8786082892
Moll2010-A-PEA-0657,8505,855,Moll2010-A,83.5384,-28.5766,10983,,,198105.69645003593,-672091.8786082892
Moll2010-A-PEA-0667,8009,518,Moll2010-A,83.5221,-28.7718,8505,,,196309.78466677375,-674463.4788349672
Moll2010-A-PEA-0667,8009,518,Moll2010-A,83.5221,-28.7718,8009,,,196309.78466677375,-674463.4788349672
Moll2010-A-PEA-0667,8009,518,Moll2010-A,83.5221,-28.7718,9112,,,196309.78466677375,-674463.4788349672
Moll2010-A-PEA-0667,8009,518,Moll2010-A,83.5221,-28.7718,9411,,,196309.78466677375,-674463.4788349672
Moll2010-A-PEA-0667,8009,518,Moll2010-A,83.5221,-28.7718,9294,,,196309.78466677375,-674463.4788349672
Moll2010-A-PEA-0667,8009,518,Moll2010-A,83.5221,-28.7718,7393,,,196309.78466677375,-674463.4788349672
Moll2010-A-PEA-0667,8009,518,Moll2010-A,83.5221,-28.7718,10983,,,196309.78466677375,-674463.4788349672
Moll2010-A-PEA-0658,9112,517,Moll2010-A,83.5385,-28.5768,8505,,,198100.2783034815,-672082.1475991111
Moll2010-A-PEA-0658,9112,517,Moll2010-A,83.5385,-28.5768,8009,,,198100.2783034815,-672082.1475991111
Moll2010-A-PEA-0658,9112,517,Moll2010-A,83.5385,-28.5768,9112,,,198100.2783034815,-672082.1475991111
Moll2010-A-PEA-0658,9112,517,Moll2010-A,83.5385,-28.5768,9411,,,198100.2783034815,-672082.1475991111
Moll2010-A-PEA-0658,9112,517,Moll2010-A,83.5385,-28.5768,9294,,,198100.2783034815,-672082.1475991111
Moll2010-A-PEA-0658,9112,517,Moll2010-A,83.5385,-28.5768,7393,,,198100.2783034815,-672082.1475991111
Moll2010-A-PEA-0658,9112,517,Moll2010-A,83.5385,-28.5768,10983,,,198100.2783034815,-672082.1475991111
Moll2010-A-PEA-0659,9411,605,Moll2010-A,83.5373,-28.586,8505,,,198029.20448552116,-672239.0242301717
Moll2010-A-PEA-0659,9411,605,Moll2010-A,83.5373,-28.586,8009,,,198029.20448552116,-672239.0242301717
Moll2010-A-PEA-0659,9411,605,Moll2010-A,83.5373,-28.586,9112,,,198029.20448552116,-672239.0242301717
Moll2010-A-PEA-0659,9411,605,Moll2010-A,83.5373,-28.586,9411,,,198029.20448552116,-672239.0242301717
Moll2010-A-PEA-0659,9411,605,Moll2010-A,83.5373,-28.586,9294,,,198029.20448552116,-672239.0242301717
Moll2010-A-PEA-0659,9411,605,Moll2010-A,83.5373,-28.586,7393,,,198029.20448552116,-672239.0242301717
Moll2010-A-PEA-0659,9411,605,Moll2010-A,83.5373,-28.586,10983,,,198029.20448552116,-672239.0242301717
Moll2010-A-PEA-0665,9294,541,Moll2010-A,83.5215,-28.7798,8505,,,196233.82110777783,-674553.4833250208
Moll2010-A-PEA-0665,9294,541,Moll2010-A,83.5215,-28.7798,8009,,,196233.82110777783,-674553.4833250208
Moll2010-A-PEA-0665,9294,541,Moll2010-A,83.5215,-28.7798,9112,,,196233.82110777783,-674553.4833250208
Moll2010-A-PEA-0665,9294,541,Moll2010-A,83.5215,-28.7798,9411,,,196233.82110777783,-674553.4833250208
Moll2010-A-PEA-0665,9294,541,Moll2010-A,83.5215,-28.7798,9294,,,196233.82110777783,-674553.4833250208
Moll2010-A-PEA-0665,9294,541,Moll2010-A,83.5215,-28.7798,7393,,,196233.82110777783,-674553.4833250208
Moll2010-A-PEA-0665,9294,541,Moll2010-A,83.5215,-28.7798,10983,,,196233.82110777783,-674553.4833250208
Moll2010-A-PEA-0666,7393,606,Moll2010-A,83.5212,-28.7755,8505,,,196293.55318957646,-674570.0540961918
Moll2010-A-PEA-0666,7393,606,Moll2010-A,83.5212,-28.7755,8009,,,196293.55318957646,-674570.0540961918
Moll2010-A-PEA-0666,7393,606,Moll2010-A,83.5212,-28.7755,9112,,,196293.55318957646,-674570.0540961918
Moll2010-A-PEA-0666,7393,606,Moll2010-A,83.5212,-28.7755,9411,,,196293.55318957646,-674570.0540961918
Moll2010-A-PEA-0666,7393,606,Moll2010-A,83.5212,-28.7755,9294,,,196293.55318957646,-674570.0540961918
Moll2010-A-PEA-0666,7393,606,Moll2010-A,83.5212,-28.7755,7393,,,196293.55318957646,-674570.0540961918
Moll2010-A-PEA-0666,7393,606,Moll2010-A,83.5212,-28.7755,10983,,,196293.55318957646,-674570.0540961918
Moll2010-A-PEA-0668,10983,612,Moll2010-A,83.5429,-28.6715,8505,,,196854.7587828186,-671949.842001806
Moll2010-A-PEA-0668,10983,612,Moll2010-A,83.5429,-28.6715,8009,,,196854.7587828186,-671949.842001806
Moll2010-A-PEA-0668,10983,612,Moll2010-A,83.5429,-28.6715,9112,,,196854.7587828186,-671949.842001806
Moll2010-A-PEA-0668,10983,612,Moll2010-A,83.5429,-28.6715,9411,,,196854.7587828186,-671949.842001806
Moll2010-A-PEA-0668,10983,612,Moll2010-A,83.5429,-28.6715,9294,,,196854.7587828186,-671949.842001806
Moll2010-A-PEA-0668,10983,612,Moll2010-A,83.5429,-28.6715,7393,,,196854.7587828186,-671949.842001806
Moll2010-A-PEA-0668,10983,612,Moll2010-A,83.5429,-28.6715,10983,,,196854.7587828186,-671949.842001806
Moll2010-C-PEA-0692,7046,424,Moll2010-C,83.4983,-28.8945,7046,,,195582.3731277015,-677366.9764723865
Moll2010-D-PEA-0613,11490,527,Moll2010-D,83.587938,-32.236038,11490,,,153615.7435218219,-678116.1888840271
Moll2010-D-PEA-0613,11490,527,Moll2010-D,83.587938,-32.236038,11878,,,153615.7435218219,-678116.1888840271
Moll2010-D-PEA-0613,11490,527,Moll2010-D,83.587938,-32.236038,12277,,,153615.7435218219,-678116.1888840271
Moll2010-D-PEA-0645,11878,685,Moll2010-D,83.594452,-31.853778,11490,,,157975.5036182235,-676387.0089500399
Moll2010-D-PEA-0645,11878,685,Moll2010-D,83.594452,-31.853778,11878,,,157975.5036182235,-676387.0089500399
Moll2010-D-PEA-0645,11878,685,Moll2010-D,83.594452,-31.853778,12277,,,157975.5036182235,-676387.0089500399
Moll2010-D-PEA-0618,12277,626,Moll2010-D,83.587976,-32.167853,11490,,,154421.71159426225,-677928.872191707
Moll2010-D-PEA-0618,12277,626,Moll2010-D,83.587976,-32.167853,11878,,,154421.71159426225,-677928.872191707
Moll2010-D-PEA-0618,12277,626,Moll2010-D,83.587976,-32.167853,12277,,,154421.71159426225,-677928.872191707
NAKAL1-13GRO-Q5,10100,308,NAKAL1,70.06555,-51.3189,10100,,,-240003.2926698039,-2167367.5823161486
NAKAR1-13GRO-Q3,10052,268,NAKAR1,70.06549,-51.3309,10052,,,-240457.9577835729,-2167323.920220752
NAKAR1-13GRO-Q3,10052,268,NAKAR1,70.06549,-51.3309,6853,,,-240457.9577835729,-2167323.920220752
NAKAR1-13GRO-Q4,6853,192,NAKAR1,70.06806,-51.3343,10052,,,-240554.94218884388,-2167024.739560079
NAKAR1-13GRO-Q4,6853,192,NAKAR1,70.06806,-51.3343,6853,,,-240554.94218884388,-2167024.739560079
NAKAR2-13GRO-Q9,10575,330,NAKAR2,70.07047,-51.3111,10575,,,-239647.90928632198,-2166854.7861893494
NAKAR2-13GRO-Q9,10575,330,NAKAR2,70.07047,-51.3111,10459,,,-239647.90928632198,-2166854.7861893494
NAKAR2-13GRO-Q9,10575,330,NAKAR2,70.07047,-51.3111,10215,,,-239647.90928632198,-2166854.7861893494
NAKAR2-13GRO-Q8,10459,363,NAKAR2,70.07077,-51.3112,10575,,,-239648.01277170092,-2166821.109095449
NAKAR2-13GRO-Q8,10459,363,NAKAR2,70.07077,-51.3112,10459,,,-239648.01277170092,-2166821.109095449
NAKAR2-13GRO-Q8,10459,363,NAKAR2,70.07077,-51.3112,10215,,,-239648.01277170092,-2166821.109095449
NAKAR2-13GRO-Q6,10215,235,NAKAR2,70.07003,-51.3103,10575,,,-239623.04847324992,-2166906.911843785
NAKAR2-13GRO-Q6,10215,235,NAKAR2,70.07003,-51.3103,10459,,,-239623.04847324992,-2166906.911843785
NAKAR2-13GRO-Q6,10215,235,NAKAR2,70.07003,-51.3103,10215,,,-239623.04847324992,-2166906.911843785
KN08-16_AN,7604,396,ORK1,67.0962,-50.2439,7604,,,-229708.98102625678,-2502829.156517461
KN08-16_AN,7604,396,ORK1,67.0962,-50.2439,6609,,,-229708.98102625678,-2502829.156517461
KN08-16_AN,7604,396,ORK1,67.0962,-50.2439,7234,,,-229708.98102625678,-2502829.156517461
KN08-16_AN,7604,396,ORK1,67.0962,-50.2439,6523,,,-229708.98102625678,-2502829.156517461
KN08-13_AN,6609,350,ORK1,67.0907,-50.241,7604,,,-229638.87078797616,-2503457.4858281463
KN08-13_AN,6609,350,ORK1,67.0907,-50.241,6609,,,-229638.87078797616,-2503457.4858281463
KN08-13_AN,6609,350,ORK1,67.0907,-50.241,7234,,,-229638.87078797616,-2503457.4858281463
KN08-13_AN,6609,350,ORK1,67.0907,-50.241,6523,,,-229638.87078797616,-2503457.4858281463
KN08-11_AN,7234,711,ORK1,67.0907,-50.241,7604,,,-229638.87078797616,-2503457.4858281463
KN08-11_AN,7234,711,ORK1,67.0907,-50.241,6609,,,-229638.87078797616,-2503457.4858281463
KN08-11_AN,7234,711,ORK1,67.0907,-50.241,7234,,,-229638.87078797616,-2503457.4858281463
KN08-11_AN,7234,711,ORK1,67.0907,-50.241,6523,,,-229638.87078797616,-2503457.4858281463
KN08-12_AN,6523,261,ORK1,67.0907,-50.241,7604,,,-229638.87078797616,-2503457.4858281463
KN08-12_AN,6523,261,ORK1,67.0907,-50.241,6609,,,-229638.87078797616,-2503457.4858281463
KN08-12_AN,6523,261,ORK1,67.0907,-50.241,7234,,,-229638.87078797616,-2503457.4858281463
KN08-12_AN,6523,261,ORK1,67.0907,-50.241,6523,,,-229638.87078797616,-2503457.4858281463
LL0908,7303,225,ORK2,67.158,-50.105,7303,,,-223021.68159969975,-2496448.4487440553
LL0908,7303,225,ORK2,67.158,-50.105,6843,,,-223021.68159969975,-2496448.4487440553
LL0908,7303,225,ORK2,67.158,-50.105,6604,,,-223021.68159969975,-2496448.4487440553
LL0907,6843,179,ORK2,67.158,-50.104,7303,,,-222978.110320697,-2496452.340826472
LL0907,6843,179,ORK2,67.158,-50.104,6843,,,-222978.110320697,-2496452.340826472
LL0907,6843,179,ORK2,67.158,-50.104,6604,,,-222978.110320697,-2496452.340826472
LL0906,6604,146,ORK2,67.159,-50.102,7303,,,-222880.95644225055,-2496347.9945520936
LL0906,6604,146,ORK2,67.159,-50.102,6843,,,-222880.95644225055,-2496347.9945520936
LL0906,6604,146,ORK2,67.159,-50.102,6604,,,-222880.95644225055,-2496347.9945520936
LL0904,6751,180,ORK4,67.092,-50.294,6751,,,-231941.02579753814,-2503098.23774805
LL0904,6751,180,ORK4,67.092,-50.294,6813,,,-231941.02579753814,-2503098.23774805
LL0904,6751,180,ORK4,67.092,-50.294,6846,,,-231941.02579753814,-2503098.23774805
LL0903,6813,202,ORK4,67.101,-50.283,6751,,,-231367.15393331475,-2502133.6445972337
LL0903,6813,202,ORK4,67.101,-50.283,6813,,,-231367.15393331475,-2502133.6445972337
LL0903,6813,202,ORK4,67.101,-50.283,6846,,,-231367.15393331475,-2502133.6445972337
LL0902,6846,196,ORK4,67.103,-50.282,6751,,,-231302.752789773,-2501913.4469503765
LL0902,6846,196,ORK4,67.103,-50.282,6813,,,-231302.752789773,-2501913.4469503765
LL0902,6846,196,ORK4,67.103,-50.282,6846,,,-231302.752789773,-2501913.4469503765
ORKD-16GRO-90,7148,235,ORKD,66.94482,-50.41128,7148,,,-238627.42648990173,-2519120.9341317625
ORKD-16GRO-90,7148,235,ORKD,66.94482,-50.41128,7192,,,-238627.42648990173,-2519120.9341317625
ORKD-16GRO-90,7148,235,ORKD,66.94482,-50.41128,7219,,,-238627.42648990173,-2519120.9341317625
ORKD-16GRO-90,7148,235,ORKD,66.94482,-50.41128,7333,,,-238627.42648990173,-2519120.9341317625
ORKD-16GRO-90,7148,235,ORKD,66.94482,-50.41128,7627,,,-238627.42648990173,-2519120.9341317625
ORKD-16GRO-90,7148,235,ORKD,66.94482,-50.41128,6772,,,-238627.42648990173,-2519120.9341317625
ORKD-16GRO-89,7192,218,ORKD,66.94495,-50.41104,7148,,,-238615.4933633947,-2519107.353616582
ORKD-16GRO-89,7192,218,ORKD,66.94495,-50.41104,7192,,,-238615.4933633947,-2519107.353616582
ORKD-16GRO-89,7192,218,ORKD,66.94495,-50.41104,7219,,,-238615.4933633947,-2519107.353616582
ORKD-16GRO-89,7192,218,ORKD,66.94495,-50.41104,7333,,,-238615.4933633947,-2519107.353616582
ORKD-16GRO-89,7192,218,ORKD,66.94495,-50.41104,7627,,,-238615.4933633947,-2519107.353616582
ORKD-16GRO-89,7192,218,ORKD,66.94495,-50.41104,6772,,,-238615.4933633947,-2519107.353616582
ORKD-16GRO-88,7219,285,ORKD,66.94518,-50.40835,7148,,,-238494.78043731858,-2519092.758106477
ORKD-16GRO-88,7219,285,ORKD,66.94518,-50.40835,7192,,,-238494.78043731858,-2519092.758106477
ORKD-16GRO-88,7219,285,ORKD,66.94518,-50.40835,7219,,,-238494.78043731858,-2519092.758106477
ORKD-16GRO-88,7219,285,ORKD,66.94518,-50.40835,7333,,,-238494.78043731858,-2519092.758106477
ORKD-16GRO-88,7219,285,ORKD,66.94518,-50.40835,7627,,,-238494.78043731858,-2519092.758106477
ORKD-16GRO-88,7219,285,ORKD,66.94518,-50.40835,6772,,,-238494.78043731858,-2519092.758106477
ORKD-16GRO-85,7333,378,ORKD,66.94394,-50.39561,7148,,,-237947.77751488995,-2519284.801301322
ORKD-16GRO-85,7333,378,ORKD,66.94394,-50.39561,7192,,,-237947.77751488995,-2519284.801301322
ORKD-16GRO-85,7333,378,ORKD,66.94394,-50.39561,7219,,,-237947.77751488995,-2519284.801301322
ORKD-16GRO-85,7333,378,ORKD,66.94394,-50.39561,7333,,,-237947.77751488995,-2519284.801301322
ORKD-16GRO-85,7333,378,ORKD,66.94394,-50.39561,7627,,,-237947.77751488995,-2519284.801301322
ORKD-16GRO-85,7333,378,ORKD,66.94394,-50.39561,6772,,,-237947.77751488995,-2519284.801301322
ORKD-16GRO-86,7627,240,ORKD,66.94611,-50.40283,7148,,,-238242.219570569,-2519011.4189202758
ORKD-16GRO-86,7627,240,ORKD,66.94611,-50.40283,7192,,,-238242.219570569,-2519011.4189202758
ORKD-16GRO-86,7627,240,ORKD,66.94611,-50.40283,7219,,,-238242.219570569,-2519011.4189202758
ORKD-16GRO-86,7627,240,ORKD,66.94611,-50.40283,7333,,,-238242.219570569,-2519011.4189202758
ORKD-16GRO-86,7627,240,ORKD,66.94611,-50.40283,7627,,,-238242.219570569,-2519011.4189202758
ORKD-16GRO-86,7627,240,ORKD,66.94611,-50.40283,6772,,,-238242.219570569,-2519011.4189202758
ORKD-16GRO-87,6772,235,ORKD,66.94536,-50.40788,7148,,,-238472.20507726874,-2519074.52656083
ORKD-16GRO-87,6772,235,ORKD,66.94536,-50.40788,7192,,,-238472.20507726874,-2519074.52656083
ORKD-16GRO-87,6772,235,ORKD,66.94536,-50.40788,7219,,,-238472.20507726874,-2519074.52656083
ORKD-16GRO-87,6772,235,ORKD,66.94536,-50.40788,7333,,,-238472.20507726874,-2519074.52656083
ORKD-16GRO-87,6772,235,ORKD,66.94536,-50.40788,7627,,,-238472.20507726874,-2519074.52656083
ORKD-16GRO-87,6772,235,ORKD,66.94536,-50.40788,6772,,,-238472.20507726874,-2519074.52656083
20-GL1496,10997,384,PCHRISINM1,60.18274,-44.06681,10997,,,53778.19248476802,-3301568.8065452646
20-GL1496,10997,384,PCHRISINM1,60.18274,-44.06681,10747,,,53778.19248476802,-3301568.8065452646
20-GL1495,10747,498,PCHRISINM1,60.18274,-44.06681,10997,,,53778.19248476802,-3301568.8065452646
20-GL1495,10747,498,PCHRISINM1,60.18274,-44.06681,10747,,,53778.19248476802,-3301568.8065452646
20-GL1493,10090,740,PCHRISINM2,60.18508,-44.06525,10090,,,53863.66762685065,-3301296.617536161
20-GL1493,10090,740,PCHRISINM2,60.18508,-44.06525,12152,,,53863.66762685065,-3301296.617536161
20-GL1493,10090,740,PCHRISINM2,60.18508,-44.06525,9987,,,53863.66762685065,-3301296.617536161
20-GL1492,12152,628,PCHRISINM2,60.18508,-44.06525,10090,,,53863.66762685065,-3301296.617536161
20-GL1492,12152,628,PCHRISINM2,60.18508,-44.06525,12152,,,53863.66762685065,-3301296.617536161
20-GL1492,12152,628,PCHRISINM2,60.18508,-44.06525,9987,,,53863.66762685065,-3301296.617536161
20-GL1491,9987,393,PCHRISINM2,60.18508,-44.06525,10090,,,53863.66762685065,-3301296.617536161
20-GL1491,9987,393,PCHRISINM2,60.18508,-44.06525,12152,,,53863.66762685065,-3301296.617536161
20-GL1491,9987,393,PCHRISINM2,60.18508,-44.06525,9987,,,53863.66762685065,-3301296.617536161
ILL-005,9264,834,PETER3,80.41133,-60.02584,9264,,,-269896.53563386993,-1005453.5540608212
ILL-005,9264,834,PETER3,80.41133,-60.02584,7028,,,-269896.53563386993,-1005453.5540608212
ILL-001,7028,228,PETER3,80.28454,-59.46758,9264,,,-263542.14419148857,-1021425.7842993309
ILL-001,7028,228,PETER3,80.28454,-59.46758,7028,,,-263542.14419148857,-1021425.7842993309
DIS-LM03,11759,806,PJTM1,69.2736,-53.4754,11759,,,-334424.077330946,-2244274.8121994245
QMS2-17GRO-38,8886,199,QMS2,64.46686,-49.43781,8886,,,-217490.38190228958,-2802362.3871701164
QMS2-17GRO-38,8886,199,QMS2,64.46686,-49.43781,11000,,,-217490.38190228958,-2802362.3871701164
QMS2-17GRO-38,8886,199,QMS2,64.46686,-49.43781,9504,,,-217490.38190228958,-2802362.3871701164
QMS2-17GRO-38,8886,199,QMS2,64.46686,-49.43781,9497,,,-217490.38190228958,-2802362.3871701164
QMS2-17GRO-38,8886,199,QMS2,64.46686,-49.43781,11473,,,-217490.38190228958,-2802362.3871701164
QMS2-17GRO-38,8886,199,QMS2,64.46686,-49.43781,9316,,,-217490.38190228958,-2802362.3871701164
QMS2-17GRO-38,8886,199,QMS2,64.46686,-49.43781,9171,,,-217490.38190228958,-2802362.3871701164
QMS2-17GRO-38,8886,199,QMS2,64.46686,-49.43781,9188,,,-217490.38190228958,-2802362.3871701164
QMS2-17GRO-38,8886,199,QMS2,64.46686,-49.43781,9647,,,-217490.38190228958,-2802362.3871701164
QMS2-17GRO-38,8886,199,QMS2,64.46686,-49.43781,9452,,,-217490.38190228958,-2802362.3871701164
QMS2-17GRO-38,8886,199,QMS2,64.46686,-49.43781,10033,,,-217490.38190228958,-2802362.3871701164
QMS2-17GRO-38,8886,199,QMS2,64.46686,-49.43781,9549,,,-217490.38190228958,-2802362.3871701164
QMS2-17GRO-38,8886,199,QMS2,64.46686,-49.43781,9476,,,-217490.38190228958,-2802362.3871701164
QMS2-17GRO-38,8886,199,QMS2,64.46686,-49.43781,9611,,,-217490.38190228958,-2802362.3871701164
QMS2-17GRO-38,8886,199,QMS2,64.46686,-49.43781,10091,,,-217490.38190228958,-2802362.3871701164
QMS2-17GRO-38,8886,199,QMS2,64.46686,-49.43781,10013,,,-217490.38190228958,-2802362.3871701164
QMS2-17GRO-38,8886,199,QMS2,64.46686,-49.43781,9208,,,-217490.38190228958,-2802362.3871701164
QMS2-17GRO-38,8886,199,QMS2,64.46686,-49.43781,9251,,,-217490.38190228958,-2802362.3871701164
QMS2-17GRO-15,11000,407,QMS2,64.45831,-49.4441,8886,,,-217873.33694318242,-2803307.479024326
QMS2-17GRO-15,11000,407,QMS2,64.45831,-49.4441,11000,,,-217873.33694318242,-2803307.479024326
QMS2-17GRO-15,11000,407,QMS2,64.45831,-49.4441,9504,,,-217873.33694318242,-2803307.479024326
QMS2-17GRO-15,11000,407,QMS2,64.45831,-49.4441,9497,,,-217873.33694318242,-2803307.479024326
QMS2-17GRO-15,11000,407,QMS2,64.45831,-49.4441,11473,,,-217873.33694318242,-2803307.479024326
QMS2-17GRO-15,11000,407,QMS2,64.45831,-49.4441,9316,,,-217873.33694318242,-2803307.479024326
QMS2-17GRO-15,11000,407,QMS2,64.45831,-49.4441,9171,,,-217873.33694318242,-2803307.479024326
QMS2-17GRO-15,11000,407,QMS2,64.45831,-49.4441,9188,,,-217873.33694318242,-2803307.479024326
QMS2-17GRO-15,11000,407,QMS2,64.45831,-49.4441,9647,,,-217873.33694318242,-2803307.479024326
QMS2-17GRO-15,11000,407,QMS2,64.45831,-49.4441,9452,,,-217873.33694318242,-2803307.479024326
QMS2-17GRO-15,11000,407,QMS2,64.45831,-49.4441,10033,,,-217873.33694318242,-2803307.479024326
QMS2-17GRO-15,11000,407,QMS2,64.45831,-49.4441,9549,,,-217873.33694318242,-2803307.479024326
QMS2-17GRO-15,11000,407,QMS2,64.45831,-49.4441,9476,,,-217873.33694318242,-2803307.479024326
QMS2-17GRO-15,11000,407,QMS2,64.45831,-49.4441,9611,,,-217873.33694318242,-2803307.479024326
QMS2-17GRO-15,11000,407,QMS2,64.45831,-49.4441,10091,,,-217873.33694318242,-2803307.479024326
QMS2-17GRO-15,11000,407,QMS2,64.45831,-49.4441,10013,,,-217873.33694318242,-2803307.479024326
QMS2-17GRO-15,11000,407,QMS2,64.45831,-49.4441,9208,,,-217873.33694318242,-2803307.479024326
QMS2-17GRO-15,11000,407,QMS2,64.45831,-49.4441,9251,,,-217873.33694318242,-2803307.479024326
QMS2-17GRO-17,9504,359,QMS2,64.45937,-49.43946,8886,,,-217636.988166487,-2803204.9799714815
QMS2-17GRO-17,9504,359,QMS2,64.45937,-49.43946,11000,,,-217636.988166487,-2803204.9799714815
QMS2-17GRO-17,9504,359,QMS2,64.45937,-49.43946,9504,,,-217636.988166487,-2803204.9799714815
QMS2-17GRO-17,9504,359,QMS2,64.45937,-49.43946,9497,,,-217636.988166487,-2803204.9799714815
QMS2-17GRO-17,9504,359,QMS2,64.45937,-49.43946,11473,,,-217636.988166487,-2803204.9799714815
QMS2-17GRO-17,9504,359,QMS2,64.45937,-49.43946,9316,,,-217636.988166487,-2803204.9799714815
QMS2-17GRO-17,9504,359,QMS2,64.45937,-49.43946,9171,,,-217636.988166487,-2803204.9799714815
QMS2-17GRO-17,9504,359,QMS2,64.45937,-49.43946,9188,,,-217636.988166487,-2803204.9799714815
QMS2-17GRO-17,9504,359,QMS2,64.45937,-49.43946,9647,,,-217636.988166487,-2803204.9799714815
QMS2-17GRO-17,9504,359,QMS2,64.45937,-49.43946,9452,,,-217636.988166487,-2803204.9799714815
QMS2-17GRO-17,9504,359,QMS2,64.45937,-49.43946,10033,,,-217636.988166487,-2803204.9799714815
QMS2-17GRO-17,9504,359,QMS2,64.45937,-49.43946,9549,,,-217636.988166487,-2803204.9799714815
QMS2-17GRO-17,9504,359,QMS2,64.45937,-49.43946,9476,,,-217636.988166487,-2803204.9799714815
QMS2-17GRO-17,9504,359,QMS2,64.45937,-49.43946,9611,,,-217636.988166487,-2803204.9799714815
QMS2-17GRO-17,9504,359,QMS2,64.45937,-49.43946,10091,,,-217636.988166487,-2803204.9799714815
QMS2-17GRO-17,9504,359,QMS2,64.45937,-49.43946,10013,,,-217636.988166487,-2803204.9799714815
QMS2-17GRO-17,9504,359,QMS2,64.45937,-49.43946,9208,,,-217636.988166487,-2803204.9799714815
QMS2-17GRO-17,9504,359,QMS2,64.45937,-49.43946,9251,,,-217636.988166487,-2803204.9799714815
QMS2-17GRO-18,9497,279,QMS2,64.45869,-49.43322,8886,,,-217337.66888346957,-2803305.733536959
QMS2-17GRO-18,9497,279,QMS2,64.45869,-49.43322,11000,,,-217337.66888346957,-2803305.733536959
QMS2-17GRO-18,9497,279,QMS2,64.45869,-49.43322,9504,,,-217337.66888346957,-2803305.733536959
QMS2-17GRO-18,9497,279,QMS2,64.45869,-49.43322,9497,,,-217337.66888346957,-2803305.733536959
QMS2-17GRO-18,9497,279,QMS2,64.45869,-49.43322,11473,,,-217337.66888346957,-2803305.733536959
QMS2-17GRO-18,9497,279,QMS2,64.45869,-49.43322,9316,,,-217337.66888346957,-2803305.733536959
QMS2-17GRO-18,9497,279,QMS2,64.45869,-49.43322,9171,,,-217337.66888346957,-2803305.733536959
QMS2-17GRO-18,9497,279,QMS2,64.45869,-49.43322,9188,,,-217337.66888346957,-2803305.733536959
QMS2-17GRO-18,9497,279,QMS2,64.45869,-49.43322,9647,,,-217337.66888346957,-2803305.733536959
QMS2-17GRO-18,9497,279,QMS2,64.45869,-49.43322,9452,,,-217337.66888346957,-2803305.733536959
QMS2-17GRO-18,9497,279,QMS2,64.45869,-49.43322,10033,,,-217337.66888346957,-2803305.733536959
QMS2-17GRO-18,9497,279,QMS2,64.45869,-49.43322,9549,,,-217337.66888346957,-2803305.733536959
QMS2-17GRO-18,9497,279,QMS2,64.45869,-49.43322,9476,,,-217337.66888346957,-2803305.733536959
QMS2-17GRO-18,9497,279,QMS2,64.45869,-49.43322,9611,,,-217337.66888346957,-2803305.733536959
QMS2-17GRO-18,9497,279,QMS2,64.45869,-49.43322,10091,,,-217337.66888346957,-2803305.733536959
QMS2-17GRO-18,9497,279,QMS2,64.45869,-49.43322,10013,,,-217337.66888346957,-2803305.733536959
QMS2-17GRO-18,9497,279,QMS2,64.45869,-49.43322,9208,,,-217337.66888346957,-2803305.733536959
QMS2-17GRO-18,9497,279,QMS2,64.45869,-49.43322,9251,,,-217337.66888346957,-2803305.733536959
QMS2-17GRO-20,11473,316,QMS2,64.45869,-49.43216,8886,,,-217285.80631638903,-2803309.7539106035
QMS2-17GRO-20,11473,316,QMS2,64.45869,-49.43216,11000,,,-217285.80631638903,-2803309.7539106035
QMS2-17GRO-20,11473,316,QMS2,64.45869,-49.43216,9504,,,-217285.80631638903,-2803309.7539106035
QMS2-17GRO-20,11473,316,QMS2,64.45869,-49.43216,9497,,,-217285.80631638903,-2803309.7539106035
QMS2-17GRO-20,11473,316,QMS2,64.45869,-49.43216,11473,,,-217285.80631638903,-2803309.7539106035
QMS2-17GRO-20,11473,316,QMS2,64.45869,-49.43216,9316,,,-217285.80631638903,-2803309.7539106035
QMS2-17GRO-20,11473,316,QMS2,64.45869,-49.43216,9171,,,-217285.80631638903,-2803309.7539106035
QMS2-17GRO-20,11473,316,QMS2,64.45869,-49.43216,9188,,,-217285.80631638903,-2803309.7539106035
QMS2-17GRO-20,11473,316,QMS2,64.45869,-49.43216,9647,,,-217285.80631638903,-2803309.7539106035
QMS2-17GRO-20,11473,316,QMS2,64.45869,-49.43216,9452,,,-217285.80631638903,-2803309.7539106035
QMS2-17GRO-20,11473,316,QMS2,64.45869,-49.43216,10033,,,-217285.80631638903,-2803309.7539106035
QMS2-17GRO-20,11473,316,QMS2,64.45869,-49.43216,9549,,,-217285.80631638903,-2803309.7539106035
QMS2-17GRO-20,11473,316,QMS2,64.45869,-49.43216,9476,,,-217285.80631638903,-2803309.7539106035
QMS2-17GRO-20,11473,316,QMS2,64.45869,-49.43216,9611,,,-217285.80631638903,-2803309.7539106035
QMS2-17GRO-20,11473,316,QMS2,64.45869,-49.43216,10091,,,-217285.80631638903,-2803309.7539106035
QMS2-17GRO-20,11473,316,QMS2,64.45869,-49.43216,10013,,,-217285.80631638903,-2803309.7539106035
QMS2-17GRO-20,11473,316,QMS2,64.45869,-49.43216,9208,,,-217285.80631638903,-2803309.7539106035
QMS2-17GRO-20,11473,316,QMS2,64.45869,-49.43216,9251,,,-217285.80631638903,-2803309.7539106035
QMS2-17GRO-29,9316,277,QMS2,64.46424,-49.42605,8886,,,-216938.17395771496,-2802703.9008637285
QMS2-17GRO-29,9316,277,QMS2,64.46424,-49.42605,11000,,,-216938.17395771496,-2802703.9008637285
QMS2-17GRO-29,9316,277,QMS2,64.46424,-49.42605,9504,,,-216938.17395771496,-2802703.9008637285
QMS2-17GRO-29,9316,277,QMS2,64.46424,-49.42605,9497,,,-216938.17395771496,-2802703.9008637285
QMS2-17GRO-29,9316,277,QMS2,64.46424,-49.42605,11473,,,-216938.17395771496,-2802703.9008637285
QMS2-17GRO-29,9316,277,QMS2,64.46424,-49.42605,9316,,,-216938.17395771496,-2802703.9008637285
QMS2-17GRO-29,9316,277,QMS2,64.46424,-49.42605,9171,,,-216938.17395771496,-2802703.9008637285
QMS2-17GRO-29,9316,277,QMS2,64.46424,-49.42605,9188,,,-216938.17395771496,-2802703.9008637285
QMS2-17GRO-29,9316,277,QMS2,64.46424,-49.42605,9647,,,-216938.17395771496,-2802703.9008637285
QMS2-17GRO-29,9316,277,QMS2,64.46424,-49.42605,9452,,,-216938.17395771496,-2802703.9008637285
QMS2-17GRO-29,9316,277,QMS2,64.46424,-49.42605,10033,,,-216938.17395771496,-2802703.9008637285
QMS2-17GRO-29,9316,277,QMS2,64.46424,-49.42605,9549,,,-216938.17395771496,-2802703.9008637285
QMS2-17GRO-29,9316,277,QMS2,64.46424,-49.42605,9476,,,-216938.17395771496,-2802703.9008637285
QMS2-17GRO-29,9316,277,QMS2,64.46424,-49.42605,9611,,,-216938.17395771496,-2802703.9008637285
QMS2-17GRO-29,9316,277,QMS2,64.46424,-49.42605,10091,,,-216938.17395771496,-2802703.9008637285
QMS2-17GRO-29,9316,277,QMS2,64.46424,-49.42605,10013,,,-216938.17395771496,-2802703.9008637285
QMS2-17GRO-29,9316,277,QMS2,64.46424,-49.42605,9208,,,-216938.17395771496,-2802703.9008637285
QMS2-17GRO-29,9316,277,QMS2,64.46424,-49.42605,9251,,,-216938.17395771496,-2802703.9008637285
QMS2-17GRO-32,9171,274,QMS2,64.46567,-49.42298,8886,,,-216775.46447391208,-2802553.45339508
QMS2-17GRO-32,9171,274,QMS2,64.46567,-49.42298,11000,,,-216775.46447391208,-2802553.45339508
QMS2-17GRO-32,9171,274,QMS2,64.46567,-49.42298,9504,,,-216775.46447391208,-2802553.45339508
QMS2-17GRO-32,9171,274,QMS2,64.46567,-49.42298,9497,,,-216775.46447391208,-2802553.45339508
QMS2-17GRO-32,9171,274,QMS2,64.46567,-49.42298,11473,,,-216775.46447391208,-2802553.45339508
QMS2-17GRO-32,9171,274,QMS2,64.46567,-49.42298,9316,,,-216775.46447391208,-2802553.45339508
QMS2-17GRO-32,9171,274,QMS2,64.46567,-49.42298,9171,,,-216775.46447391208,-2802553.45339508
QMS2-17GRO-32,9171,274,QMS2,64.46567,-49.42298,9188,,,-216775.46447391208,-2802553.45339508
QMS2-17GRO-32,9171,274,QMS2,64.46567,-49.42298,9647,,,-216775.46447391208,-2802553.45339508
QMS2-17GRO-32,9171,274,QMS2,64.46567,-49.42298,9452,,,-216775.46447391208,-2802553.45339508
QMS2-17GRO-32,9171,274,QMS2,64.46567,-49.42298,10033,,,-216775.46447391208,-2802553.45339508
QMS2-17GRO-32,9171,274,QMS2,64.46567,-49.42298,9549,,,-216775.46447391208,-2802553.45339508
QMS2-17GRO-32,9171,274,QMS2,64.46567,-49.42298,9476,,,-216775.46447391208,-2802553.45339508
QMS2-17GRO-32,9171,274,QMS2,64.46567,-49.42298,9611,,,-216775.46447391208,-2802553.45339508
QMS2-17GRO-32,9171,274,QMS2,64.46567,-49.42298,10091,,,-216775.46447391208,-2802553.45339508
QMS2-17GRO-32,9171,274,QMS2,64.46567,-49.42298,10013,,,-216775.46447391208,-2802553.45339508
QMS2-17GRO-32,9171,274,QMS2,64.46567,-49.42298,9208,,,-216775.46447391208,-2802553.45339508
QMS2-17GRO-32,9171,274,QMS2,64.46567,-49.42298,9251,,,-216775.46447391208,-2802553.45339508
QMS2-17GRO-34,9188,274,QMS2,64.46509,-49.43287,8886,,,-217264.3143626268,-2802581.7259888733
QMS2-17GRO-34,9188,274,QMS2,64.46509,-49.43287,11000,,,-217264.3143626268,-2802581.7259888733
QMS2-17GRO-34,9188,274,QMS2,64.46509,-49.43287,9504,,,-217264.3143626268,-2802581.7259888733
QMS2-17GRO-34,9188,274,QMS2,64.46509,-49.43287,9497,,,-217264.3143626268,-2802581.7259888733
QMS2-17GRO-34,9188,274,QMS2,64.46509,-49.43287,11473,,,-217264.3143626268,-2802581.7259888733
QMS2-17GRO-34,9188,274,QMS2,64.46509,-49.43287,9316,,,-217264.3143626268,-2802581.7259888733
QMS2-17GRO-34,9188,274,QMS2,64.46509,-49.43287,9171,,,-217264.3143626268,-2802581.7259888733
QMS2-17GRO-34,9188,274,QMS2,64.46509,-49.43287,9188,,,-217264.3143626268,-2802581.7259888733
QMS2-17GRO-34,9188,274,QMS2,64.46509,-49.43287,9647,,,-217264.3143626268,-2802581.7259888733
QMS2-17GRO-34,9188,274,QMS2,64.46509,-49.43287,9452,,,-217264.3143626268,-2802581.7259888733
QMS2-17GRO-34,9188,274,QMS2,64.46509,-49.43287,10033,,,-217264.3143626268,-2802581.7259888733
QMS2-17GRO-34,9188,274,QMS2,64.46509,-49.43287,9549,,,-217264.3143626268,-2802581.7259888733
QMS2-17GRO-34,9188,274,QMS2,64.46509,-49.43287,9476,,,-217264.3143626268,-2802581.7259888733
QMS2-17GRO-34,9188,274,QMS2,64.46509,-49.43287,9611,,,-217264.3143626268,-2802581.7259888733
QMS2-17GRO-34,9188,274,QMS2,64.46509,-49.43287,10091,,,-217264.3143626268,-2802581.7259888733
QMS2-17GRO-34,9188,274,QMS2,64.46509,-49.43287,10013,,,-217264.3143626268,-2802581.7259888733
QMS2-17GRO-34,9188,274,QMS2,64.46509,-49.43287,9208,,,-217264.3143626268,-2802581.7259888733
QMS2-17GRO-34,9188,274,QMS2,64.46509,-49.43287,9251,,,-217264.3143626268,-2802581.7259888733
QMS2-17GRO-35,9647,285,QMS2,64.46796,-49.43473,8886,,,-217330.06900918938,-2802249.410525907
QMS2-17GRO-35,9647,285,QMS2,64.46796,-49.43473,11000,,,-217330.06900918938,-2802249.410525907
QMS2-17GRO-35,9647,285,QMS2,64.46796,-49.43473,9504,,,-217330.06900918938,-2802249.410525907
QMS2-17GRO-35,9647,285,QMS2,64.46796,-49.43473,9497,,,-217330.06900918938,-2802249.410525907
QMS2-17GRO-35,9647,285,QMS2,64.46796,-49.43473,11473,,,-217330.06900918938,-2802249.410525907
QMS2-17GRO-35,9647,285,QMS2,64.46796,-49.43473,9316,,,-217330.06900918938,-2802249.410525907
QMS2-17GRO-35,9647,285,QMS2,64.46796,-49.43473,9171,,,-217330.06900918938,-2802249.410525907
QMS2-17GRO-35,9647,285,QMS2,64.46796,-49.43473,9188,,,-217330.06900918938,-2802249.410525907
QMS2-17GRO-35,9647,285,QMS2,64.46796,-49.43473,9647,,,-217330.06900918938,-2802249.410525907
QMS2-17GRO-35,9647,285,QMS2,64.46796,-49.43473,9452,,,-217330.06900918938,-2802249.410525907
QMS2-17GRO-35,9647,285,QMS2,64.46796,-49.43473,10033,,,-217330.06900918938,-2802249.410525907
QMS2-17GRO-35,9647,285,QMS2,64.46796,-49.43473,9549,,,-217330.06900918938,-2802249.410525907
QMS2-17GRO-35,9647,285,QMS2,64.46796,-49.43473,9476,,,-217330.06900918938,-2802249.410525907
QMS2-17GRO-35,9647,285,QMS2,64.46796,-49.43473,9611,,,-217330.06900918938,-2802249.410525907
QMS2-17GRO-35,9647,285,QMS2,64.46796,-49.43473,10091,,,-217330.06900918938,-2802249.410525907
QMS2-17GRO-35,9647,285,QMS2,64.46796,-49.43473,10013,,,-217330.06900918938,-2802249.410525907
QMS2-17GRO-35,9647,285,QMS2,64.46796,-49.43473,9208,,,-217330.06900918938,-2802249.410525907
QMS2-17GRO-35,9647,285,QMS2,64.46796,-49.43473,9251,,,-217330.06900918938,-2802249.410525907
QMS2-17GRO-36,9452,277,QMS2,64.46804,-49.43491,8886,,,-217338.16935163742,-2802239.6612965832
QMS2-17GRO-36,9452,277,QMS2,64.46804,-49.43491,11000,,,-217338.16935163742,-2802239.6612965832
QMS2-17GRO-36,9452,277,QMS2,64.46804,-49.43491,9504,,,-217338.16935163742,-2802239.6612965832
QMS2-17GRO-36,9452,277,QMS2,64.46804,-49.43491,9497,,,-217338.16935163742,-2802239.6612965832
QMS2-17GRO-36,9452,277,QMS2,64.46804,-49.43491,11473,,,-217338.16935163742,-2802239.6612965832
QMS2-17GRO-36,9452,277,QMS2,64.46804,-49.43491,9316,,,-217338.16935163742,-2802239.6612965832
QMS2-17GRO-36,9452,277,QMS2,64.46804,-49.43491,9171,,,-217338.16935163742,-2802239.6612965832
QMS2-17GRO-36,9452,277,QMS2,64.46804,-49.43491,9188,,,-217338.16935163742,-2802239.6612965832
QMS2-17GRO-36,9452,277,QMS2,64.46804,-49.43491,9647,,,-217338.16935163742,-2802239.6612965832
QMS2-17GRO-36,9452,277,QMS2,64.46804,-49.43491,9452,,,-217338.16935163742,-2802239.6612965832
QMS2-17GRO-36,9452,277,QMS2,64.46804,-49.43491,10033,,,-217338.16935163742,-2802239.6612965832
QMS2-17GRO-36,9452,277,QMS2,64.46804,-49.43491,9549,,,-217338.16935163742,-2802239.6612965832
QMS2-17GRO-36,9452,277,QMS2,64.46804,-49.43491,9476,,,-217338.16935163742,-2802239.6612965832
QMS2-17GRO-36,9452,277,QMS2,64.46804,-49.43491,9611,,,-217338.16935163742,-2802239.6612965832
QMS2-17GRO-36,9452,277,QMS2,64.46804,-49.43491,10091,,,-217338.16935163742,-2802239.6612965832
QMS2-17GRO-36,9452,277,QMS2,64.46804,-49.43491,10013,,,-217338.16935163742,-2802239.6612965832
QMS2-17GRO-36,9452,277,QMS2,64.46804,-49.43491,9208,,,-217338.16935163742,-2802239.6612965832
QMS2-17GRO-36,9452,277,QMS2,64.46804,-49.43491,9251,,,-217338.16935163742,-2802239.6612965832
QMS2-17GRO-37,10033,363,QMS2,64.46714,-49.437,8886,,,-217448.30210950878,-2802333.7289714175
QMS2-17GRO-37,10033,363,QMS2,64.46714,-49.437,11000,,,-217448.30210950878,-2802333.7289714175
QMS2-17GRO-37,10033,363,QMS2,64.46714,-49.437,9504,,,-217448.30210950878,-2802333.7289714175
QMS2-17GRO-37,10033,363,QMS2,64.46714,-49.437,9497,,,-217448.30210950878,-2802333.7289714175
QMS2-17GRO-37,10033,363,QMS2,64.46714,-49.437,11473,,,-217448.30210950878,-2802333.7289714175
QMS2-17GRO-37,10033,363,QMS2,64.46714,-49.437,9316,,,-217448.30210950878,-2802333.7289714175
QMS2-17GRO-37,10033,363,QMS2,64.46714,-49.437,9171,,,-217448.30210950878,-2802333.7289714175
QMS2-17GRO-37,10033,363,QMS2,64.46714,-49.437,9188,,,-217448.30210950878,-2802333.7289714175
QMS2-17GRO-37,10033,363,QMS2,64.46714,-49.437,9647,,,-217448.30210950878,-2802333.7289714175
QMS2-17GRO-37,10033,363,QMS2,64.46714,-49.437,9452,,,-217448.30210950878,-2802333.7289714175
QMS2-17GRO-37,10033,363,QMS2,64.46714,-49.437,10033,,,-217448.30210950878,-2802333.7289714175
QMS2-17GRO-37,10033,363,QMS2,64.46714,-49.437,9549,,,-217448.30210950878,-2802333.7289714175
QMS2-17GRO-37,10033,363,QMS2,64.46714,-49.437,9476,,,-217448.30210950878,-2802333.7289714175
QMS2-17GRO-37,10033,363,QMS2,64.46714,-49.437,9611,,,-217448.30210950878,-2802333.7289714175
QMS2-17GRO-37,10033,363,QMS2,64.46714,-49.437,10091,,,-217448.30210950878,-2802333.7289714175
QMS2-17GRO-37,10033,363,QMS2,64.46714,-49.437,10013,,,-217448.30210950878,-2802333.7289714175
QMS2-17GRO-37,10033,363,QMS2,64.46714,-49.437,9208,,,-217448.30210950878,-2802333.7289714175
QMS2-17GRO-37,10033,363,QMS2,64.46714,-49.437,9251,,,-217448.30210950878,-2802333.7289714175
QMS2-17GRO-39,9549,244,QMS2,64.46519,-49.44123,8886,,,-217672.35518017656,-2802538.6621303335
QMS2-17GRO-39,9549,244,QMS2,64.46519,-49.44123,11000,,,-217672.35518017656,-2802538.6621303335
QMS2-17GRO-39,9549,244,QMS2,64.46519,-49.44123,9504,,,-217672.35518017656,-2802538.6621303335
QMS2-17GRO-39,9549,244,QMS2,64.46519,-49.44123,9497,,,-217672.35518017656,-2802538.6621303335
QMS2-17GRO-39,9549,244,QMS2,64.46519,-49.44123,11473,,,-217672.35518017656,-2802538.6621303335
QMS2-17GRO-39,9549,244,QMS2,64.46519,-49.44123,9316,,,-217672.35518017656,-2802538.6621303335
QMS2-17GRO-39,9549,244,QMS2,64.46519,-49.44123,9171,,,-217672.35518017656,-2802538.6621303335
QMS2-17GRO-39,9549,244,QMS2,64.46519,-49.44123,9188,,,-217672.35518017656,-2802538.6621303335
QMS2-17GRO-39,9549,244,QMS2,64.46519,-49.44123,9647,,,-217672.35518017656,-2802538.6621303335
QMS2-17GRO-39,9549,244,QMS2,64.46519,-49.44123,9452,,,-217672.35518017656,-2802538.6621303335
QMS2-17GRO-39,9549,244,QMS2,64.46519,-49.44123,10033,,,-217672.35518017656,-2802538.6621303335
QMS2-17GRO-39,9549,244,QMS2,64.46519,-49.44123,9549,,,-217672.35518017656,-2802538.6621303335
QMS2-17GRO-39,9549,244,QMS2,64.46519,-49.44123,9476,,,-217672.35518017656,-2802538.6621303335
QMS2-17GRO-39,9549,244,QMS2,64.46519,-49.44123,9611,,,-217672.35518017656,-2802538.6621303335
QMS2-17GRO-39,9549,244,QMS2,64.46519,-49.44123,10091,,,-217672.35518017656,-2802538.6621303335
QMS2-17GRO-39,9549,244,QMS2,64.46519,-49.44123,10013,,,-217672.35518017656,-2802538.6621303335
QMS2-17GRO-39,9549,244,QMS2,64.46519,-49.44123,9208,,,-217672.35518017656,-2802538.6621303335
QMS2-17GRO-39,9549,244,QMS2,64.46519,-49.44123,9251,,,-217672.35518017656,-2802538.6621303335
QMS2-17GRO-40,9476,279,QMS2,64.46251,-49.44231,8886,,,-217748.77796993326,-2802838.2865397534
QMS2-17GRO-40,9476,279,QMS2,64.46251,-49.44231,11000,,,-217748.77796993326,-2802838.2865397534
QMS2-17GRO-40,9476,279,QMS2,64.46251,-49.44231,9504,,,-217748.77796993326,-2802838.2865397534
QMS2-17GRO-40,9476,279,QMS2,64.46251,-49.44231,9497,,,-217748.77796993326,-2802838.2865397534
QMS2-17GRO-40,9476,279,QMS2,64.46251,-49.44231,11473,,,-217748.77796993326,-2802838.2865397534
QMS2-17GRO-40,9476,279,QMS2,64.46251,-49.44231,9316,,,-217748.77796993326,-2802838.2865397534
QMS2-17GRO-40,9476,279,QMS2,64.46251,-49.44231,9171,,,-217748.77796993326,-2802838.2865397534
QMS2-17GRO-40,9476,279,QMS2,64.46251,-49.44231,9188,,,-217748.77796993326,-2802838.2865397534
QMS2-17GRO-40,9476,279,QMS2,64.46251,-49.44231,9647,,,-217748.77796993326,-2802838.2865397534
QMS2-17GRO-40,9476,279,QMS2,64.46251,-49.44231,9452,,,-217748.77796993326,-2802838.2865397534
QMS2-17GRO-40,9476,279,QMS2,64.46251,-49.44231,10033,,,-217748.77796993326,-2802838.2865397534
QMS2-17GRO-40,9476,279,QMS2,64.46251,-49.44231,9549,,,-217748.77796993326,-2802838.2865397534
QMS2-17GRO-40,9476,279,QMS2,64.46251,-49.44231,9476,,,-217748.77796993326,-2802838.2865397534
QMS2-17GRO-40,9476,279,QMS2,64.46251,-49.44231,9611,,,-217748.77796993326,-2802838.2865397534
QMS2-17GRO-40,9476,279,QMS2,64.46251,-49.44231,10091,,,-217748.77796993326,-2802838.2865397534
QMS2-17GRO-40,9476,279,QMS2,64.46251,-49.44231,10013,,,-217748.77796993326,-2802838.2865397534
QMS2-17GRO-40,9476,279,QMS2,64.46251,-49.44231,9208,,,-217748.77796993326,-2802838.2865397534
QMS2-17GRO-40,9476,279,QMS2,64.46251,-49.44231,9251,,,-217748.77796993326,-2802838.2865397534
QMS2-17GRO-41,9611,275,QMS2,64.4629,-49.44788,8886,,,-218017.81632429248,-2802772.905809592
QMS2-17GRO-41,9611,275,QMS2,64.4629,-49.44788,11000,,,-218017.81632429248,-2802772.905809592
QMS2-17GRO-41,9611,275,QMS2,64.4629,-49.44788,9504,,,-218017.81632429248,-2802772.905809592
QMS2-17GRO-41,9611,275,QMS2,64.4629,-49.44788,9497,,,-218017.81632429248,-2802772.905809592
QMS2-17GRO-41,9611,275,QMS2,64.4629,-49.44788,11473,,,-218017.81632429248,-2802772.905809592
QMS2-17GRO-41,9611,275,QMS2,64.4629,-49.44788,9316,,,-218017.81632429248,-2802772.905809592
QMS2-17GRO-41,9611,275,QMS2,64.4629,-49.44788,9171,,,-218017.81632429248,-2802772.905809592
QMS2-17GRO-41,9611,275,QMS2,64.4629,-49.44788,9188,,,-218017.81632429248,-2802772.905809592
QMS2-17GRO-41,9611,275,QMS2,64.4629,-49.44788,9647,,,-218017.81632429248,-2802772.905809592
QMS2-17GRO-41,9611,275,QMS2,64.4629,-49.44788,9452,,,-218017.81632429248,-2802772.905809592
QMS2-17GRO-41,9611,275,QMS2,64.4629,-49.44788,10033,,,-218017.81632429248,-2802772.905809592
QMS2-17GRO-41,9611,275,QMS2,64.4629,-49.44788,9549,,,-218017.81632429248,-2802772.905809592
QMS2-17GRO-41,9611,275,QMS2,64.4629,-49.44788,9476,,,-218017.81632429248,-2802772.905809592
QMS2-17GRO-41,9611,275,QMS2,64.4629,-49.44788,9611,,,-218017.81632429248,-2802772.905809592
QMS2-17GRO-41,9611,275,QMS2,64.4629,-49.44788,10091,,,-218017.81632429248,-2802772.905809592
QMS2-17GRO-41,9611,275,QMS2,64.4629,-49.44788,10013,,,-218017.81632429248,-2802772.905809592
QMS2-17GRO-41,9611,275,QMS2,64.4629,-49.44788,9208,,,-218017.81632429248,-2802772.905809592
QMS2-17GRO-41,9611,275,QMS2,64.4629,-49.44788,9251,,,-218017.81632429248,-2802772.905809592
QMS2-17GRO-42,10091,282,QMS2,64.46244,-49.45117,8886,,,-218182.8130965102,-2802812.5143297585
QMS2-17GRO-42,10091,282,QMS2,64.46244,-49.45117,11000,,,-218182.8130965102,-2802812.5143297585
QMS2-17GRO-42,10091,282,QMS2,64.46244,-49.45117,9504,,,-218182.8130965102,-2802812.5143297585
QMS2-17GRO-42,10091,282,QMS2,64.46244,-49.45117,9497,,,-218182.8130965102,-2802812.5143297585
QMS2-17GRO-42,10091,282,QMS2,64.46244,-49.45117,11473,,,-218182.8130965102,-2802812.5143297585
QMS2-17GRO-42,10091,282,QMS2,64.46244,-49.45117,9316,,,-218182.8130965102,-2802812.5143297585
QMS2-17GRO-42,10091,282,QMS2,64.46244,-49.45117,9171,,,-218182.8130965102,-2802812.5143297585
QMS2-17GRO-42,10091,282,QMS2,64.46244,-49.45117,9188,,,-218182.8130965102,-2802812.5143297585
QMS2-17GRO-42,10091,282,QMS2,64.46244,-49.45117,9647,,,-218182.8130965102,-2802812.5143297585
QMS2-17GRO-42,10091,282,QMS2,64.46244,-49.45117,9452,,,-218182.8130965102,-2802812.5143297585
QMS2-17GRO-42,10091,282,QMS2,64.46244,-49.45117,10033,,,-218182.8130965102,-2802812.5143297585
QMS2-17GRO-42,10091,282,QMS2,64.46244,-49.45117,9549,,,-218182.8130965102,-2802812.5143297585
QMS2-17GRO-42,10091,282,QMS2,64.46244,-49.45117,9476,,,-218182.8130965102,-2802812.5143297585
QMS2-17GRO-42,10091,282,QMS2,64.46244,-49.45117,9611,,,-218182.8130965102,-2802812.5143297585
QMS2-17GRO-42,10091,282,QMS2,64.46244,-49.45117,10091,,,-218182.8130965102,-2802812.5143297585
QMS2-17GRO-42,10091,282,QMS2,64.46244,-49.45117,10013,,,-218182.8130965102,-2802812.5143297585
QMS2-17GRO-42,10091,282,QMS2,64.46244,-49.45117,9208,,,-218182.8130965102,-2802812.5143297585
QMS2-17GRO-42,10091,282,QMS2,64.46244,-49.45117,9251,,,-218182.8130965102,-2802812.5143297585
QMS2-17GRO-44,10013,334,QMS2,64.46081,-49.4462,8886,,,-217954.05238731552,-2803016.1602293975
QMS2-17GRO-44,10013,334,QMS2,64.46081,-49.4462,11000,,,-217954.05238731552,-2803016.1602293975
QMS2-17GRO-44,10013,334,QMS2,64.46081,-49.4462,9504,,,-217954.05238731552,-2803016.1602293975
QMS2-17GRO-44,10013,334,QMS2,64.46081,-49.4462,9497,,,-217954.05238731552,-2803016.1602293975
QMS2-17GRO-44,10013,334,QMS2,64.46081,-49.4462,11473,,,-217954.05238731552,-2803016.1602293975
QMS2-17GRO-44,10013,334,QMS2,64.46081,-49.4462,9316,,,-217954.05238731552,-2803016.1602293975
QMS2-17GRO-44,10013,334,QMS2,64.46081,-49.4462,9171,,,-217954.05238731552,-2803016.1602293975
QMS2-17GRO-44,10013,334,QMS2,64.46081,-49.4462,9188,,,-217954.05238731552,-2803016.1602293975
QMS2-17GRO-44,10013,334,QMS2,64.46081,-49.4462,9647,,,-217954.05238731552,-2803016.1602293975
QMS2-17GRO-44,10013,334,QMS2,64.46081,-49.4462,9452,,,-217954.05238731552,-2803016.1602293975
QMS2-17GRO-44,10013,334,QMS2,64.46081,-49.4462,10033,,,-217954.05238731552,-2803016.1602293975
QMS2-17GRO-44,10013,334,QMS2,64.46081,-49.4462,9549,,,-217954.05238731552,-2803016.1602293975
QMS2-17GRO-44,10013,334,QMS2,64.46081,-49.4462,9476,,,-217954.05238731552,-2803016.1602293975
QMS2-17GRO-44,10013,334,QMS2,64.46081,-49.4462,9611,,,-217954.05238731552,-2803016.1602293975
QMS2-17GRO-44,10013,334,QMS2,64.46081,-49.4462,10091,,,-217954.05238731552,-2803016.1602293975
QMS2-17GRO-44,10013,334,QMS2,64.46081,-49.4462,10013,,,-217954.05238731552,-2803016.1602293975
QMS2-17GRO-44,10013,334,QMS2,64.46081,-49.4462,9208,,,-217954.05238731552,-2803016.1602293975
QMS2-17GRO-44,10013,334,QMS2,64.46081,-49.4462,9251,,,-217954.05238731552,-2803016.1602293975
QMS2-17GRO-45,9208,276,QMS2,64.46078,-49.44607,8886,,,-217947.9569078068,-2803020.054706071
QMS2-17GRO-45,9208,276,QMS2,64.46078,-49.44607,11000,,,-217947.9569078068,-2803020.054706071
QMS2-17GRO-45,9208,276,QMS2,64.46078,-49.44607,9504,,,-217947.9569078068,-2803020.054706071
QMS2-17GRO-45,9208,276,QMS2,64.46078,-49.44607,9497,,,-217947.9569078068,-2803020.054706071
QMS2-17GRO-45,9208,276,QMS2,64.46078,-49.44607,11473,,,-217947.9569078068,-2803020.054706071
QMS2-17GRO-45,9208,276,QMS2,64.46078,-49.44607,9316,,,-217947.9569078068,-2803020.054706071
QMS2-17GRO-45,9208,276,QMS2,64.46078,-49.44607,9171,,,-217947.9569078068,-2803020.054706071
QMS2-17GRO-45,9208,276,QMS2,64.46078,-49.44607,9188,,,-217947.9569078068,-2803020.054706071
QMS2-17GRO-45,9208,276,QMS2,64.46078,-49.44607,9647,,,-217947.9569078068,-2803020.054706071
QMS2-17GRO-45,9208,276,QMS2,64.46078,-49.44607,9452,,,-217947.9569078068,-2803020.054706071
QMS2-17GRO-45,9208,276,QMS2,64.46078,-49.44607,10033,,,-217947.9569078068,-2803020.054706071
QMS2-17GRO-45,9208,276,QMS2,64.46078,-49.44607,9549,,,-217947.9569078068,-2803020.054706071
QMS2-17GRO-45,9208,276,QMS2,64.46078,-49.44607,9476,,,-217947.9569078068,-2803020.054706071
QMS2-17GRO-45,9208,276,QMS2,64.46078,-49.44607,9611,,,-217947.9569078068,-2803020.054706071
QMS2-17GRO-45,9208,276,QMS2,64.46078,-49.44607,10091,,,-217947.9569078068,-2803020.054706071
QMS2-17GRO-45,9208,276,QMS2,64.46078,-49.44607,10013,,,-217947.9569078068,-2803020.054706071
QMS2-17GRO-45,9208,276,QMS2,64.46078,-49.44607,9208,,,-217947.9569078068,-2803020.054706071
QMS2-17GRO-45,9208,276,QMS2,64.46078,-49.44607,9251,,,-217947.9569078068,-2803020.054706071
QMS2-17GRO-16,9251,276,QMS2,64.45847,-49.44398,8886,,,-217866.05642188052,-2803289.8019835195
QMS2-17GRO-16,9251,276,QMS2,64.45847,-49.44398,11000,,,-217866.05642188052,-2803289.8019835195
QMS2-17GRO-16,9251,276,QMS2,64.45847,-49.44398,9504,,,-217866.05642188052,-2803289.8019835195
QMS2-17GRO-16,9251,276,QMS2,64.45847,-49.44398,9497,,,-217866.05642188052,-2803289.8019835195
QMS2-17GRO-16,9251,276,QMS2,64.45847,-49.44398,11473,,,-217866.05642188052,-2803289.8019835195
QMS2-17GRO-16,9251,276,QMS2,64.45847,-49.44398,9316,,,-217866.05642188052,-2803289.8019835195
QMS2-17GRO-16,9251,276,QMS2,64.45847,-49.44398,9171,,,-217866.05642188052,-2803289.8019835195
QMS2-17GRO-16,9251,276,QMS2,64.45847,-49.44398,9188,,,-217866.05642188052,-2803289.8019835195
QMS2-17GRO-16,9251,276,QMS2,64.45847,-49.44398,9647,,,-217866.05642188052,-2803289.8019835195
QMS2-17GRO-16,9251,276,QMS2,64.45847,-49.44398,9452,,,-217866.05642188052,-2803289.8019835195
QMS2-17GRO-16,9251,276,QMS2,64.45847,-49.44398,10033,,,-217866.05642188052,-2803289.8019835195
QMS2-17GRO-16,9251,276,QMS2,64.45847,-49.44398,9549,,,-217866.05642188052,-2803289.8019835195
QMS2-17GRO-16,9251,276,QMS2,64.45847,-49.44398,9476,,,-217866.05642188052,-2803289.8019835195
QMS2-17GRO-16,9251,276,QMS2,64.45847,-49.44398,9611,,,-217866.05642188052,-2803289.8019835195
QMS2-17GRO-16,9251,276,QMS2,64.45847,-49.44398,10091,,,-217866.05642188052,-2803289.8019835195
QMS2-17GRO-16,9251,276,QMS2,64.45847,-49.44398,10013,,,-217866.05642188052,-2803289.8019835195
QMS2-17GRO-16,9251,276,QMS2,64.45847,-49.44398,9208,,,-217866.05642188052,-2803289.8019835195
QMS2-17GRO-16,9251,276,QMS2,64.45847,-49.44398,9251,,,-217866.05642188052,-2803289.8019835195
RECM-16GRO-23,8548,397,RECM,66.80196,-50.75574,8548,,,-255382.31501694888,-2533657.670202234
RECM-16GRO-23,8548,397,RECM,66.80196,-50.75574,8350,,,-255382.31501694888,-2533657.670202234
RECM-16GRO-23,8548,397,RECM,66.80196,-50.75574,8722,,,-255382.31501694888,-2533657.670202234
RECM-16GRO-22,8350,235,RECM,66.80159,-50.75763,8548,,,-255470.07564443315,-2533690.737558239
RECM-16GRO-22,8350,235,RECM,66.80159,-50.75763,8350,,,-255470.07564443315,-2533690.737558239
RECM-16GRO-22,8350,235,RECM,66.80159,-50.75763,8722,,,-255470.07564443315,-2533690.737558239
RECM-16GRO-24,8722,266,RECM,66.802,-50.75494,8548,,,-255346.48637598558,-2533656.75002158
RECM-16GRO-24,8722,266,RECM,66.802,-50.75494,8350,,,-255346.48637598558,-2533656.75002158
RECM-16GRO-24,8722,266,RECM,66.802,-50.75494,8722,,,-255346.48637598558,-2533656.75002158
SAM1-16GRO-52,9950,449,SAM1,67.0318,-52.39431,9950,,,-324394.006177783,-2499639.0298604914
SAM1-16GRO-52,9950,449,SAM1,67.0318,-52.39431,10003,,,-324394.006177783,-2499639.0298604914
SAM1-16GRO-52,9950,449,SAM1,67.0318,-52.39431,10083,,,-324394.006177783,-2499639.0298604914
SAM1-16GRO-52,9950,449,SAM1,67.0318,-52.39431,10201,,,-324394.006177783,-2499639.0298604914
SAM1-16GRO-52,9950,449,SAM1,67.0318,-52.39431,10033,,,-324394.006177783,-2499639.0298604914
SAM1-16GRO-52,9950,449,SAM1,67.0318,-52.39431,10251,,,-324394.006177783,-2499639.0298604914
SAM1-16GRO-51,10003,407,SAM1,67.03007,-52.39363,9950,,,-324389.41263256734,-2499836.0976517196
SAM1-16GRO-51,10003,407,SAM1,67.03007,-52.39363,10003,,,-324389.41263256734,-2499836.0976517196
SAM1-16GRO-51,10003,407,SAM1,67.03007,-52.39363,10083,,,-324389.41263256734,-2499836.0976517196
SAM1-16GRO-51,10003,407,SAM1,67.03007,-52.39363,10201,,,-324389.41263256734,-2499836.0976517196
SAM1-16GRO-51,10003,407,SAM1,67.03007,-52.39363,10033,,,-324389.41263256734,-2499836.0976517196
SAM1-16GRO-51,10003,407,SAM1,67.03007,-52.39363,10251,,,-324389.41263256734,-2499836.0976517196
SAM1-16GRO-49,10083,360,SAM1,67.03027,-52.39563,9950,,,-324473.77380041813,-2499802.4355060165
SAM1-16GRO-49,10083,360,SAM1,67.03027,-52.39563,10003,,,-324473.77380041813,-2499802.4355060165
SAM1-16GRO-49,10083,360,SAM1,67.03027,-52.39563,10083,,,-324473.77380041813,-2499802.4355060165
SAM1-16GRO-49,10083,360,SAM1,67.03027,-52.39563,10201,,,-324473.77380041813,-2499802.4355060165
SAM1-16GRO-49,10083,360,SAM1,67.03027,-52.39563,10033,,,-324473.77380041813,-2499802.4355060165
SAM1-16GRO-49,10083,360,SAM1,67.03027,-52.39563,10251,,,-324473.77380041813,-2499802.4355060165
SAM1-16GRO-54,10201,284,SAM1,67.03444,-52.3899,9950,,,-324163.3685625265,-2499369.137581448
SAM1-16GRO-54,10201,284,SAM1,67.03444,-52.3899,10003,,,-324163.3685625265,-2499369.137581448
SAM1-16GRO-54,10201,284,SAM1,67.03444,-52.3899,10083,,,-324163.3685625265,-2499369.137581448
SAM1-16GRO-54,10201,284,SAM1,67.03444,-52.3899,10201,,,-324163.3685625265,-2499369.137581448
SAM1-16GRO-54,10201,284,SAM1,67.03444,-52.3899,10033,,,-324163.3685625265,-2499369.137581448
SAM1-16GRO-54,10201,284,SAM1,67.03444,-52.3899,10251,,,-324163.3685625265,-2499369.137581448
SAM1-16GRO-55,10033,285,SAM1,67.03844,-52.37785,9950,,,-323579.8659971592,-2498990.5034807427
SAM1-16GRO-55,10033,285,SAM1,67.03844,-52.37785,10003,,,-323579.8659971592,-2498990.5034807427
SAM1-16GRO-55,10033,285,SAM1,67.03844,-52.37785,10083,,,-323579.8659971592,-2498990.5034807427
SAM1-16GRO-55,10033,285,SAM1,67.03844,-52.37785,10201,,,-323579.8659971592,-2498990.5034807427
SAM1-16GRO-55,10033,285,SAM1,67.03844,-52.37785,10033,,,-323579.8659971592,-2498990.5034807427
SAM1-16GRO-55,10033,285,SAM1,67.03844,-52.37785,10251,,,-323579.8659971592,-2498990.5034807427
SAM1-16GRO-56,10251,181,SAM1,67.03325,-52.39233,9950,,,-324286.61368201993,-2499488.2933155405
SAM1-16GRO-56,10251,181,SAM1,67.03325,-52.39233,10003,,,-324286.61368201993,-2499488.2933155405
SAM1-16GRO-56,10251,181,SAM1,67.03325,-52.39233,10083,,,-324286.61368201993,-2499488.2933155405
SAM1-16GRO-56,10251,181,SAM1,67.03325,-52.39233,10201,,,-324286.61368201993,-2499488.2933155405
SAM1-16GRO-56,10251,181,SAM1,67.03325,-52.39233,10033,,,-324286.61368201993,-2499488.2933155405
SAM1-16GRO-56,10251,181,SAM1,67.03325,-52.39233,10251,,,-324286.61368201993,-2499488.2933155405
SAM2-16GRO-65,10379,299,SAM2,67.12656,-52.33247,10379,,,-320334.0991849217,-2489404.5465521663
SAM2-16GRO-65,10379,299,SAM2,67.12656,-52.33247,10361,,,-320334.0991849217,-2489404.5465521663
SAM2-16GRO-65,10379,299,SAM2,67.12656,-52.33247,10251,,,-320334.0991849217,-2489404.5465521663
SAM2-16GRO-65,10379,299,SAM2,67.12656,-52.33247,11064,,,-320334.0991849217,-2489404.5465521663
SAM2-16GRO-65,10379,299,SAM2,67.12656,-52.33247,10246,,,-320334.0991849217,-2489404.5465521663
SAM2-16GRO-65,10379,299,SAM2,67.12656,-52.33247,10491,,,-320334.0991849217,-2489404.5465521663
SAM2-16GRO-65,10379,299,SAM2,67.12656,-52.33247,10497,,,-320334.0991849217,-2489404.5465521663
SAM2-16GRO-65,10379,299,SAM2,67.12656,-52.33247,11523,,,-320334.0991849217,-2489404.5465521663
SAM2-16GRO-64,10361,381,SAM2,67.12495,-52.34248,10379,,,-320792.17744714336,-2489528.322030779
SAM2-16GRO-64,10361,381,SAM2,67.12495,-52.34248,10361,,,-320792.17744714336,-2489528.322030779
SAM2-16GRO-64,10361,381,SAM2,67.12495,-52.34248,10251,,,-320792.17744714336,-2489528.322030779
SAM2-16GRO-64,10361,381,SAM2,67.12495,-52.34248,11064,,,-320792.17744714336,-2489528.322030779
SAM2-16GRO-64,10361,381,SAM2,67.12495,-52.34248,10246,,,-320792.17744714336,-2489528.322030779
SAM2-16GRO-64,10361,381,SAM2,67.12495,-52.34248,10491,,,-320792.17744714336,-2489528.322030779
SAM2-16GRO-64,10361,381,SAM2,67.12495,-52.34248,10497,,,-320792.17744714336,-2489528.322030779
SAM2-16GRO-64,10361,381,SAM2,67.12495,-52.34248,11523,,,-320792.17744714336,-2489528.322030779
SAM2-16GRO-59,10251,235,SAM2,67.12691,-52.34625,10379,,,-320927.76901031105,-2489288.350402145
SAM2-16GRO-59,10251,235,SAM2,67.12691,-52.34625,10361,,,-320927.76901031105,-2489288.350402145
SAM2-16GRO-59,10251,235,SAM2,67.12691,-52.34625,10251,,,-320927.76901031105,-2489288.350402145
SAM2-16GRO-59,10251,235,SAM2,67.12691,-52.34625,11064,,,-320927.76901031105,-2489288.350402145
SAM2-16GRO-59,10251,235,SAM2,67.12691,-52.34625,10246,,,-320927.76901031105,-2489288.350402145
SAM2-16GRO-59,10251,235,SAM2,67.12691,-52.34625,10491,,,-320927.76901031105,-2489288.350402145
SAM2-16GRO-59,10251,235,SAM2,67.12691,-52.34625,10497,,,-320927.76901031105,-2489288.350402145
SAM2-16GRO-59,10251,235,SAM2,67.12691,-52.34625,11523,,,-320927.76901031105,-2489288.350402145
SAM2-16GRO-60,11064,325,SAM2,67.12564,-52.34044,10379,,,-320693.6129011657,-2489462.6938821864
SAM2-16GRO-60,11064,325,SAM2,67.12564,-52.34044,10361,,,-320693.6129011657,-2489462.6938821864
SAM2-16GRO-60,11064,325,SAM2,67.12564,-52.34044,10251,,,-320693.6129011657,-2489462.6938821864
SAM2-16GRO-60,11064,325,SAM2,67.12564,-52.34044,11064,,,-320693.6129011657,-2489462.6938821864
SAM2-16GRO-60,11064,325,SAM2,67.12564,-52.34044,10246,,,-320693.6129011657,-2489462.6938821864
SAM2-16GRO-60,11064,325,SAM2,67.12564,-52.34044,10491,,,-320693.6129011657,-2489462.6938821864
SAM2-16GRO-60,11064,325,SAM2,67.12564,-52.34044,10497,,,-320693.6129011657,-2489462.6938821864
SAM2-16GRO-60,11064,325,SAM2,67.12564,-52.34044,11523,,,-320693.6129011657,-2489462.6938821864
SAM2-16GRO-61,10246,373,SAM2,67.1256,-52.34019,10379,,,-320683.3259328742,-2489468.5597131797
SAM2-16GRO-61,10246,373,SAM2,67.1256,-52.34019,10361,,,-320683.3259328742,-2489468.5597131797
SAM2-16GRO-61,10246,373,SAM2,67.1256,-52.34019,10251,,,-320683.3259328742,-2489468.5597131797
SAM2-16GRO-61,10246,373,SAM2,67.1256,-52.34019,11064,,,-320683.3259328742,-2489468.5597131797
SAM2-16GRO-61,10246,373,SAM2,67.1256,-52.34019,10246,,,-320683.3259328742,-2489468.5597131797
SAM2-16GRO-61,10246,373,SAM2,67.1256,-52.34019,10491,,,-320683.3259328742,-2489468.5597131797
SAM2-16GRO-61,10246,373,SAM2,67.1256,-52.34019,10497,,,-320683.3259328742,-2489468.5597131797
SAM2-16GRO-61,10246,373,SAM2,67.1256,-52.34019,11523,,,-320683.3259328742,-2489468.5597131797
SAM2-16GRO-62,10491,265,SAM2,67.12648,-52.34779,10379,,,-321000.8676812778,-2489327.738159326
SAM2-16GRO-62,10491,265,SAM2,67.12648,-52.34779,10361,,,-321000.8676812778,-2489327.738159326
SAM2-16GRO-62,10491,265,SAM2,67.12648,-52.34779,10251,,,-321000.8676812778,-2489327.738159326
SAM2-16GRO-62,10491,265,SAM2,67.12648,-52.34779,11064,,,-321000.8676812778,-2489327.738159326
SAM2-16GRO-62,10491,265,SAM2,67.12648,-52.34779,10246,,,-321000.8676812778,-2489327.738159326
SAM2-16GRO-62,10491,265,SAM2,67.12648,-52.34779,10491,,,-321000.8676812778,-2489327.738159326
SAM2-16GRO-62,10491,265,SAM2,67.12648,-52.34779,10497,,,-321000.8676812778,-2489327.738159326
SAM2-16GRO-62,10491,265,SAM2,67.12648,-52.34779,11523,,,-321000.8676812778,-2489327.738159326
SAM2-16GRO-63,10497,345,SAM2,67.12453,-52.34856,10379,,,-321062.40267485,-2489541.1650134637
SAM2-16GRO-63,10497,345,SAM2,67.12453,-52.34856,10361,,,-321062.40267485,-2489541.1650134637
SAM2-16GRO-63,10497,345,SAM2,67.12453,-52.34856,10251,,,-321062.40267485,-2489541.1650134637
SAM2-16GRO-63,10497,345,SAM2,67.12453,-52.34856,11064,,,-321062.40267485,-2489541.1650134637
SAM2-16GRO-63,10497,345,SAM2,67.12453,-52.34856,10246,,,-321062.40267485,-2489541.1650134637
SAM2-16GRO-63,10497,345,SAM2,67.12453,-52.34856,10491,,,-321062.40267485,-2489541.1650134637
SAM2-16GRO-63,10497,345,SAM2,67.12453,-52.34856,10497,,,-321062.40267485,-2489541.1650134637
SAM2-16GRO-63,10497,345,SAM2,67.12453,-52.34856,11523,,,-321062.40267485,-2489541.1650134637
SAM2-16GRO-66,11523,411,SAM2,67.12657,-52.33253,10379,,,-320336.56239161146,-2489403.094440877
SAM2-16GRO-66,11523,411,SAM2,67.12657,-52.33253,10361,,,-320336.56239161146,-2489403.094440877
SAM2-16GRO-66,11523,411,SAM2,67.12657,-52.33253,10251,,,-320336.56239161146,-2489403.094440877
SAM2-16GRO-66,11523,411,SAM2,67.12657,-52.33253,11064,,,-320336.56239161146,-2489403.094440877
SAM2-16GRO-66,11523,411,SAM2,67.12657,-52.33253,10246,,,-320336.56239161146,-2489403.094440877
SAM2-16GRO-66,11523,411,SAM2,67.12657,-52.33253,10491,,,-320336.56239161146,-2489403.094440877
SAM2-16GRO-66,11523,411,SAM2,67.12657,-52.33253,10497,,,-320336.56239161146,-2489403.094440877
SAM2-16GRO-66,11523,411,SAM2,67.12657,-52.33253,11523,,,-320336.56239161146,-2489403.094440877
14GROR-37,9885,205,SIQAT1,65.65093,-51.35024,9885,,,-296035.7042437132,-2660070.828735212
14GROR-37,9885,205,SIQAT1,65.65093,-51.35024,9505,,,-296035.7042437132,-2660070.828735212
14GROR-36,9505,180,SIQAT1,65.65123,-51.35028,9885,,,-296033.8060623829,-2660036.8788460856
14GROR-36,9505,180,SIQAT1,65.65123,-51.35028,9505,,,-296033.8060623829,-2660036.8788460856
14GROR-32,8807,171,SIQAT2,65.65106,-51.3504,8807,,,-296041.5052507406,-2660055.3799755857
14GROR-32,8807,171,SIQAT2,65.65106,-51.3504,8607,,,-296041.5052507406,-2660055.3799755857
14GROR-32,8807,171,SIQAT2,65.65106,-51.3504,8932,,,-296041.5052507406,-2660055.3799755857
14GROR-32,8807,171,SIQAT2,65.65106,-51.3504,9203,,,-296041.5052507406,-2660055.3799755857
14GROR-32,8807,171,SIQAT2,65.65106,-51.3504,8876,,,-296041.5052507406,-2660055.3799755857
14GROR-31,8607,168,SIQAT2,65.65123,-51.3503,8807,,,-296034.73459039995,-2660036.7755106315
14GROR-31,8607,168,SIQAT2,65.65123,-51.3503,8607,,,-296034.73459039995,-2660036.7755106315
14GROR-31,8607,168,SIQAT2,65.65123,-51.3503,8932,,,-296034.73459039995,-2660036.7755106315
14GROR-31,8607,168,SIQAT2,65.65123,-51.3503,9203,,,-296034.73459039995,-2660036.7755106315
14GROR-31,8607,168,SIQAT2,65.65123,-51.3503,8876,,,-296034.73459039995,-2660036.7755106315
14GROR-35,8932,156,SIQAT2,65.65082,-51.3501,8807,,,-296030.58135482704,-2660083.9246052266
14GROR-35,8932,156,SIQAT2,65.65082,-51.3501,8607,,,-296030.58135482704,-2660083.9246052266
14GROR-35,8932,156,SIQAT2,65.65082,-51.3501,8932,,,-296030.58135482704,-2660083.9246052266
14GROR-35,8932,156,SIQAT2,65.65082,-51.3501,9203,,,-296030.58135482704,-2660083.9246052266
14GROR-35,8932,156,SIQAT2,65.65082,-51.3501,8876,,,-296030.58135482704,-2660083.9246052266
14GROR-34,9203,226,SIQAT2,65.65093,-51.3502,8807,,,-296033.8471638692,-2660071.035406473
14GROR-34,9203,226,SIQAT2,65.65093,-51.3502,8607,,,-296033.8471638692,-2660071.035406473
14GROR-34,9203,226,SIQAT2,65.65093,-51.3502,8932,,,-296033.8471638692,-2660071.035406473
14GROR-34,9203,226,SIQAT2,65.65093,-51.3502,9203,,,-296033.8471638692,-2660071.035406473
14GROR-34,9203,226,SIQAT2,65.65093,-51.3502,8876,,,-296033.8471638692,-2660071.035406473
14GROR-33,8876,154,SIQAT2,65.65102,-51.3504,8807,,,-296042.0059617069,-2660059.8790707337
14GROR-33,8876,154,SIQAT2,65.65102,-51.3504,8607,,,-296042.0059617069,-2660059.8790707337
14GROR-33,8876,154,SIQAT2,65.65102,-51.3504,8932,,,-296042.0059617069,-2660059.8790707337
14GROR-33,8876,154,SIQAT2,65.65102,-51.3504,9203,,,-296042.0059617069,-2660059.8790707337
14GROR-33,8876,154,SIQAT2,65.65102,-51.3504,8876,,,-296042.0059617069,-2660059.8790707337
14GROR-30,9246,179,SIQAT3,65.65123,-51.3561,9246,,,-296304.0061929067,-2660006.794552796
14GROR-30,9246,179,SIQAT3,65.65123,-51.3561,8518,,,-296304.0061929067,-2660006.794552796
14GROR-29,8518,164,SIQAT3,65.65145,-51.3573,9246,,,-296356.96029266476,-2659975.843528254
14GROR-29,8518,164,SIQAT3,65.65145,-51.3573,8518,,,-296356.96029266476,-2659975.843528254
GL1562,7526,1093,STOREKOLD-,76.08667,-18.64208,7526,,,672334.5249317584,-1356910.4649655132
GL1562,7526,1093,STOREKOLD-,76.08667,-18.64208,11858,,,672334.5249317584,-1356910.4649655132
GL1562,7526,1093,STOREKOLD-,76.08667,-18.64208,11265,,,672334.5249317584,-1356910.4649655132
GL1562,7526,1093,STOREKOLD-,76.08667,-18.64208,11629,,,672334.5249317584,-1356910.4649655132
GL1562,7526,1093,STOREKOLD-,76.08667,-18.64208,9643,,,672334.5249317584,-1356910.4649655132
GL1562,7526,1093,STOREKOLD-,76.08667,-18.64208,10206,,,672334.5249317584,-1356910.4649655132
GL1561,11858,643,STOREKOLD-,76.08543,-18.64192,7526,,,672398.8045422826,-1357030.6687683081
GL1561,11858,643,STOREKOLD-,76.08543,-18.64192,11858,,,672398.8045422826,-1357030.6687683081
GL1561,11858,643,STOREKOLD-,76.08543,-18.64192,11265,,,672398.8045422826,-1357030.6687683081
GL1561,11858,643,STOREKOLD-,76.08543,-18.64192,11629,,,672398.8045422826,-1357030.6687683081
GL1561,11858,643,STOREKOLD-,76.08543,-18.64192,9643,,,672398.8045422826,-1357030.6687683081
GL1561,11858,643,STOREKOLD-,76.08543,-18.64192,10206,,,672398.8045422826,-1357030.6687683081
GL1563,11265,346,STOREKOLD-,76.08826,-18.65223,7526,,,672016.6005326248,-1356872.9950935566
GL1563,11265,346,STOREKOLD-,76.08826,-18.65223,11858,,,672016.6005326248,-1356872.9950935566
GL1563,11265,346,STOREKOLD-,76.08826,-18.65223,11265,,,672016.6005326248,-1356872.9950935566
GL1563,11265,346,STOREKOLD-,76.08826,-18.65223,11629,,,672016.6005326248,-1356872.9950935566
GL1563,11265,346,STOREKOLD-,76.08826,-18.65223,9643,,,672016.6005326248,-1356872.9950935566
GL1563,11265,346,STOREKOLD-,76.08826,-18.65223,10206,,,672016.6005326248,-1356872.9950935566
GL1564,11629,881,STOREKOLD-,76.08894,-18.65232,7526,,,671981.3093290447,-1356807.0972015588
GL1564,11629,881,STOREKOLD-,76.08894,-18.65232,11858,,,671981.3093290447,-1356807.0972015588
GL1564,11629,881,STOREKOLD-,76.08894,-18.65232,11265,,,671981.3093290447,-1356807.0972015588
GL1564,11629,881,STOREKOLD-,76.08894,-18.65232,11629,,,671981.3093290447,-1356807.0972015588
GL1564,11629,881,STOREKOLD-,76.08894,-18.65232,9643,,,671981.3093290447,-1356807.0972015588
GL1564,11629,881,STOREKOLD-,76.08894,-18.65232,10206,,,671981.3093290447,-1356807.0972015588
GL1567,9643,991,STOREKOLD-,76.08941,-18.65243,7526,,,671955.7852655926,-1356762.1106430283
GL1567,9643,991,STOREKOLD-,76.08941,-18.65243,11858,,,671955.7852655926,-1356762.1106430283
GL1567,9643,991,STOREKOLD-,76.08941,-18.65243,11265,,,671955.7852655926,-1356762.1106430283
GL1567,9643,991,STOREKOLD-,76.08941,-18.65243,11629,,,671955.7852655926,-1356762.1106430283
GL1567,9643,991,STOREKOLD-,76.08941,-18.65243,9643,,,671955.7852655926,-1356762.1106430283
GL1567,9643,991,STOREKOLD-,76.08941,-18.65243,10206,,,671955.7852655926,-1356762.1106430283
GL1566,10206,561,STOREKOLD-,76.08934,-18.65239,7526,,,671960.1459623154,-1356768.5337934908
GL1566,10206,561,STOREKOLD-,76.08934,-18.65239,11858,,,671960.1459623154,-1356768.5337934908
GL1566,10206,561,STOREKOLD-,76.08934,-18.65239,11265,,,671960.1459623154,-1356768.5337934908
GL1566,10206,561,STOREKOLD-,76.08934,-18.65239,11629,,,671960.1459623154,-1356768.5337934908
GL1566,10206,561,STOREKOLD-,76.08934,-18.65239,9643,,,671960.1459623154,-1356768.5337934908
GL1566,10206,561,STOREKOLD-,76.08934,-18.65239,10206,,,671960.1459623154,-1356768.5337934908
NKu02,9241,638,TA-M5,66.15481,-37.04726,9241,,,362426.8709580604,-2594326.390326145
GL1736,10288,429,TASER2,77.664,-69.60056,10288,,,-558370.7505031509,-1219556.0024444582
FST08-02,7892,158,TASIUSSAQ-,69.2019,-51.086,7892,,,-241417.6969211098,-2264238.204583646
FST08-02,7892,158,TASIUSSAQ-,69.2019,-51.086,8333,,,-241417.6969211098,-2264238.204583646
FST08-02,7892,158,TASIUSSAQ-,69.2019,-51.086,8168,,,-241417.6969211098,-2264238.204583646
FST08-02,7892,158,TASIUSSAQ-,69.2019,-51.086,8159,,,-241417.6969211098,-2264238.204583646
FST08-02,7892,158,TASIUSSAQ-,69.2019,-51.086,8111,,,-241417.6969211098,-2264238.204583646
FST08-02,7892,158,TASIUSSAQ-,69.2019,-51.086,8001,,,-241417.6969211098,-2264238.204583646
FST08-01,8333,142,TASIUSSAQ-,69.2022,-51.0878,7892,,,-241485.27194809407,-2264197.258882984
FST08-01,8333,142,TASIUSSAQ-,69.2022,-51.0878,8333,,,-241485.27194809407,-2264197.258882984
FST08-01,8333,142,TASIUSSAQ-,69.2022,-51.0878,8168,,,-241485.27194809407,-2264197.258882984
FST08-01,8333,142,TASIUSSAQ-,69.2022,-51.0878,8159,,,-241485.27194809407,-2264197.258882984
FST08-01,8333,142,TASIUSSAQ-,69.2022,-51.0878,8111,,,-241485.27194809407,-2264197.258882984
FST08-01,8333,142,TASIUSSAQ-,69.2022,-51.0878,8001,,,-241485.27194809407,-2264197.258882984
09GRO-12,8168,189,TASIUSSAQ-,69.113,-51.0343,7892,,,-240419.76219262916,-2274343.2102957126
09GRO-12,8168,189,TASIUSSAQ-,69.113,-51.0343,8333,,,-240419.76219262916,-2274343.2102957126
09GRO-12,8168,189,TASIUSSAQ-,69.113,-51.0343,8168,,,-240419.76219262916,-2274343.2102957126
09GRO-12,8168,189,TASIUSSAQ-,69.113,-51.0343,8159,,,-240419.76219262916,-2274343.2102957126
09GRO-12,8168,189,TASIUSSAQ-,69.113,-51.0343,8111,,,-240419.76219262916,-2274343.2102957126
09GRO-12,8168,189,TASIUSSAQ-,69.113,-51.0343,8001,,,-240419.76219262916,-2274343.2102957126
09GRO-09,8159,155,TASIUSSAQ-,69.113,-51.036,7892,,,-240487.2432082712,-2274336.0758966682
09GRO-09,8159,155,TASIUSSAQ-,69.113,-51.036,8333,,,-240487.2432082712,-2274336.0758966682
09GRO-09,8159,155,TASIUSSAQ-,69.113,-51.036,8168,,,-240487.2432082712,-2274336.0758966682
09GRO-09,8159,155,TASIUSSAQ-,69.113,-51.036,8159,,,-240487.2432082712,-2274336.0758966682
09GRO-09,8159,155,TASIUSSAQ-,69.113,-51.036,8111,,,-240487.2432082712,-2274336.0758966682
09GRO-09,8159,155,TASIUSSAQ-,69.113,-51.036,8001,,,-240487.2432082712,-2274336.0758966682
09GRO-08,8111,202,TASIUSSAQ-,69.1131,-51.0371,7892,,,-240529.7308006476,-2274320.3342757323
09GRO-08,8111,202,TASIUSSAQ-,69.1131,-51.0371,8333,,,-240529.7308006476,-2274320.3342757323
09GRO-08,8111,202,TASIUSSAQ-,69.1131,-51.0371,8168,,,-240529.7308006476,-2274320.3342757323
09GRO-08,8111,202,TASIUSSAQ-,69.1131,-51.0371,8159,,,-240529.7308006476,-2274320.3342757323
09GRO-08,8111,202,TASIUSSAQ-,69.1131,-51.0371,8111,,,-240529.7308006476,-2274320.3342757323
09GRO-08,8111,202,TASIUSSAQ-,69.1131,-51.0371,8001,,,-240529.7308006476,-2274320.3342757323
09GRO-11,8001,186,TASIUSSAQ-,69.1129,-51.0344,7892,,,-240424.90762754926,-2274353.914917647
09GRO-11,8001,186,TASIUSSAQ-,69.1129,-51.0344,8333,,,-240424.90762754926,-2274353.914917647
09GRO-11,8001,186,TASIUSSAQ-,69.1129,-51.0344,8168,,,-240424.90762754926,-2274353.914917647
09GRO-11,8001,186,TASIUSSAQ-,69.1129,-51.0344,8159,,,-240424.90762754926,-2274353.914917647
09GRO-11,8001,186,TASIUSSAQ-,69.1129,-51.0344,8111,,,-240424.90762754926,-2274353.914917647
09GRO-11,8001,186,TASIUSSAQ-,69.1129,-51.0344,8001,,,-240424.90762754926,-2274353.914917647
TSQM-16GRO-32,11988,405,TSQM,67.04926,-52.90968,11988,,,-346594.0004547416,-2494672.4287207373
TSQM-16GRO-32,11988,405,TSQM,67.04926,-52.90968,11369,,,-346594.0004547416,-2494672.4287207373
TSQM-16GRO-32,11988,405,TSQM,67.04926,-52.90968,11334,,,-346594.0004547416,-2494672.4287207373
TSQM-16GRO-32,11988,405,TSQM,67.04926,-52.90968,11709,,,-346594.0004547416,-2494672.4287207373
TSQM-16GRO-32,11988,405,TSQM,67.04926,-52.90968,11022,,,-346594.0004547416,-2494672.4287207373
TSQM-16GRO-34,11369,386,TSQM,67.04987,-52.91194,11988,,,-346682.9451127577,-2494590.7137792
TSQM-16GRO-34,11369,386,TSQM,67.04987,-52.91194,11369,,,-346682.9451127577,-2494590.7137792
TSQM-16GRO-34,11369,386,TSQM,67.04987,-52.91194,11334,,,-346682.9451127577,-2494590.7137792
TSQM-16GRO-34,11369,386,TSQM,67.04987,-52.91194,11709,,,-346682.9451127577,-2494590.7137792
TSQM-16GRO-34,11369,386,TSQM,67.04987,-52.91194,11022,,,-346682.9451127577,-2494590.7137792
TSQM-16GRO-35,11334,318,TSQM,67.05123,-52.91484,11988,,,-346788.1173426833,-2494421.4652224467
TSQM-16GRO-35,11334,318,TSQM,67.05123,-52.91484,11369,,,-346788.1173426833,-2494421.4652224467
TSQM-16GRO-35,11334,318,TSQM,67.05123,-52.91484,11334,,,-346788.1173426833,-2494421.4652224467
TSQM-16GRO-35,11334,318,TSQM,67.05123,-52.91484,11709,,,-346788.1173426833,-2494421.4652224467
TSQM-16GRO-35,11334,318,TSQM,67.05123,-52.91484,11022,,,-346788.1173426833,-2494421.4652224467
TSQM-16GRO-36,11709,317,TSQM,67.0533,-52.91747,11988,,,-346870.5058175067,-2494174.6535721147
TSQM-16GRO-36,11709,317,TSQM,67.0533,-52.91747,11369,,,-346870.5058175067,-2494174.6535721147
TSQM-16GRO-36,11709,317,TSQM,67.0533,-52.91747,11334,,,-346870.5058175067,-2494174.6535721147
TSQM-16GRO-36,11709,317,TSQM,67.0533,-52.91747,11709,,,-346870.5058175067,-2494174.6535721147
TSQM-16GRO-36,11709,317,TSQM,67.0533,-52.91747,11022,,,-346870.5058175067,-2494174.6535721147
TSQM-16GRO-33,11022,421,TSQM,67.04841,-52.90932,11988,,,-346591.4980940399,-2494769.4195606825
TSQM-16GRO-33,11022,421,TSQM,67.04841,-52.90932,11369,,,-346591.4980940399,-2494769.4195606825
TSQM-16GRO-33,11022,421,TSQM,67.04841,-52.90932,11334,,,-346591.4980940399,-2494769.4195606825
TSQM-16GRO-33,11022,421,TSQM,67.04841,-52.90932,11709,,,-346591.4980940399,-2494769.4195606825
TSQM-16GRO-33,11022,421,TSQM,67.04841,-52.90932,11022,,,-346591.4980940399,-2494769.4195606825
10-CF-9,9597,1056,UmiM,71.0808,-22.4552,9597,,,792706.872471445,-1909539.2368196603
UVKG-16GRO-21,7998,303,UVKG,66.80608,-50.76029,7998,,,-255536.91106521495,-2533175.35769445
UVKG-16GRO-21,7998,303,UVKG,66.80608,-50.76029,7865,,,-255536.91106521495,-2533175.35769445
UVKG-16GRO-21,7998,303,UVKG,66.80608,-50.76029,7829,,,-255536.91106521495,-2533175.35769445
UVKG-16GRO-21,7998,303,UVKG,66.80608,-50.76029,8438,,,-255536.91106521495,-2533175.35769445
UVKG-16GRO-20,7865,245,UVKG,66.80582,-50.76134,7998,,,-255586.2756303825,-2533199.830915343
UVKG-16GRO-20,7865,245,UVKG,66.80582,-50.76134,7865,,,-255586.2756303825,-2533199.830915343
UVKG-16GRO-20,7865,245,UVKG,66.80582,-50.76134,7829,,,-255586.2756303825,-2533199.830915343
UVKG-16GRO-20,7865,245,UVKG,66.80582,-50.76134,8438,,,-255586.2756303825,-2533199.830915343
UVKG-16GRO-18,7829,277,UVKG,66.80584,-50.76294,7998,,,-255656.78946417026,-2533190.4498020136
UVKG-16GRO-18,7829,277,UVKG,66.80584,-50.76294,7865,,,-255656.78946417026,-2533190.4498020136
UVKG-16GRO-18,7829,277,UVKG,66.80584,-50.76294,7829,,,-255656.78946417026,-2533190.4498020136
UVKG-16GRO-18,7829,277,UVKG,66.80584,-50.76294,8438,,,-255656.78946417026,-2533190.4498020136
UVKG-16GRO-19,8438,334,UVKG,66.80578,-50.76169,7998,,,-255602.20266658932,-2533202.755211426
UVKG-16GRO-19,8438,334,UVKG,66.80578,-50.76169,7865,,,-255602.20266658932,-2533202.755211426
UVKG-16GRO-19,8438,334,UVKG,66.80578,-50.76169,7829,,,-255602.20266658932,-2533202.755211426
UVKG-16GRO-19,8438,334,UVKG,66.80578,-50.76169,8438,,,-255602.20266658932,-2533202.755211426
MKG-152,10972,313,VINKE-RTMO,70.562,-26.105,10972,,,688240.2084498581,-2010757.72333308
MKG-152,10972,313,VINKE-RTMO,70.562,-26.105,11099,,,688240.2084498581,-2010757.72333308
MKG-152,10972,313,VINKE-RTMO,70.562,-26.105,10961,,,688240.2084498581,-2010757.72333308
MKG-152,10972,313,VINKE-RTMO,70.562,-26.105,11482,,,688240.2084498581,-2010757.72333308
MKG-152,10972,313,VINKE-RTMO,70.562,-26.105,9554,,,688240.2084498581,-2010757.72333308
MKG-152,10972,313,VINKE-RTMO,70.562,-26.105,11738,,,688240.2084498581,-2010757.72333308
MKG-152,10972,313,VINKE-RTMO,70.562,-26.105,10752,,,688240.2084498581,-2010757.72333308
MKG-152,10972,313,VINKE-RTMO,70.562,-26.105,10772,,,688240.2084498581,-2010757.72333308
MKG-151,11099,239,VINKE-RTMO,70.561,-26.105,10972,,,688276.276954684,-2010863.100821575
MKG-151,11099,239,VINKE-RTMO,70.561,-26.105,11099,,,688276.276954684,-2010863.100821575
MKG-151,11099,239,VINKE-RTMO,70.561,-26.105,10961,,,688276.276954684,-2010863.100821575
MKG-151,11099,239,VINKE-RTMO,70.561,-26.105,11482,,,688276.276954684,-2010863.100821575
MKG-151,11099,239,VINKE-RTMO,70.561,-26.105,9554,,,688276.276954684,-2010863.100821575
MKG-151,11099,239,VINKE-RTMO,70.561,-26.105,11738,,,688276.276954684,-2010863.100821575
MKG-151,11099,239,VINKE-RTMO,70.561,-26.105,10752,,,688276.276954684,-2010863.100821575
MKG-151,11099,239,VINKE-RTMO,70.561,-26.105,10772,,,688276.276954684,-2010863.100821575
MKG-148,10961,232,VINKE-RTMO,70.562,-26.105,10972,,,688240.2084498581,-2010757.72333308
MKG-148,10961,232,VINKE-RTMO,70.562,-26.105,11099,,,688240.2084498581,-2010757.72333308
MKG-148,10961,232,VINKE-RTMO,70.562,-26.105,10961,,,688240.2084498581,-2010757.72333308
MKG-148,10961,232,VINKE-RTMO,70.562,-26.105,11482,,,688240.2084498581,-2010757.72333308
MKG-148,10961,232,VINKE-RTMO,70.562,-26.105,9554,,,688240.2084498581,-2010757.72333308
MKG-148,10961,232,VINKE-RTMO,70.562,-26.105,11738,,,688240.2084498581,-2010757.72333308
MKG-148,10961,232,VINKE-RTMO,70.562,-26.105,10752,,,688240.2084498581,-2010757.72333308
MKG-148,10961,232,VINKE-RTMO,70.562,-26.105,10772,,,688240.2084498581,-2010757.72333308
MKG-145,11482,269,VINKE-RTMO,70.564,-26.105,10972,,,688168.071751444,-2010546.9692653995
MKG-145,11482,269,VINKE-RTMO,70.564,-26.105,11099,,,688168.071751444,-2010546.9692653995
MKG-145,11482,269,VINKE-RTMO,70.564,-26.105,10961,,,688168.071751444,-2010546.9692653995
MKG-145,11482,269,VINKE-RTMO,70.564,-26.105,11482,,,688168.071751444,-2010546.9692653995
MKG-145,11482,269,VINKE-RTMO,70.564,-26.105,9554,,,688168.071751444,-2010546.9692653995
MKG-145,11482,269,VINKE-RTMO,70.564,-26.105,11738,,,688168.071751444,-2010546.9692653995
MKG-145,11482,269,VINKE-RTMO,70.564,-26.105,10752,,,688168.071751444,-2010546.9692653995
MKG-145,11482,269,VINKE-RTMO,70.564,-26.105,10772,,,688168.071751444,-2010546.9692653995
MKG-142,9554,370,VINKE-RTMO,70.566,-26.105,10972,,,688095.9354679738,-2010336.2164100169
MKG-142,9554,370,VINKE-RTMO,70.566,-26.105,11099,,,688095.9354679738,-2010336.2164100169
MKG-142,9554,370,VINKE-RTMO,70.566,-26.105,10961,,,688095.9354679738,-2010336.2164100169
MKG-142,9554,370,VINKE-RTMO,70.566,-26.105,11482,,,688095.9354679738,-2010336.2164100169
MKG-142,9554,370,VINKE-RTMO,70.566,-26.105,9554,,,688095.9354679738,-2010336.2164100169
MKG-142,9554,370,VINKE-RTMO,70.566,-26.105,11738,,,688095.9354679738,-2010336.2164100169
MKG-142,9554,370,VINKE-RTMO,70.566,-26.105,10752,,,688095.9354679738,-2010336.2164100169
MKG-142,9554,370,VINKE-RTMO,70.566,-26.105,10772,,,688095.9354679738,-2010336.2164100169
MKG-144,11738,320,VINKE-RTMO,70.564,-26.105,10972,,,688168.071751444,-2010546.9692653995
MKG-144,11738,320,VINKE-RTMO,70.564,-26.105,11099,,,688168.071751444,-2010546.9692653995
MKG-144,11738,320,VINKE-RTMO,70.564,-26.105,10961,,,688168.071751444,-2010546.9692653995
MKG-144,11738,320,VINKE-RTMO,70.564,-26.105,11482,,,688168.071751444,-2010546.9692653995
MKG-144,11738,320,VINKE-RTMO,70.564,-26.105,9554,,,688168.071751444,-2010546.9692653995
MKG-144,11738,320,VINKE-RTMO,70.564,-26.105,11738,,,688168.071751444,-2010546.9692653995
MKG-144,11738,320,VINKE-RTMO,70.564,-26.105,10752,,,688168.071751444,-2010546.9692653995
MKG-144,11738,320,VINKE-RTMO,70.564,-26.105,10772,,,688168.071751444,-2010546.9692653995
MKG-141,10752,279,VINKE-RTMO,70.567,-26.105,10972,,,688059.8674818302,-2010230.8404369
MKG-141,10752,279,VINKE-RTMO,70.567,-26.105,11099,,,688059.8674818302,-2010230.8404369
MKG-141,10752,279,VINKE-RTMO,70.567,-26.105,10961,,,688059.8674818302,-2010230.8404369
MKG-141,10752,279,VINKE-RTMO,70.567,-26.105,11482,,,688059.8674818302,-2010230.8404369
MKG-141,10752,279,VINKE-RTMO,70.567,-26.105,9554,,,688059.8674818302,-2010230.8404369
MKG-141,10752,279,VINKE-RTMO,70.567,-26.105,11738,,,688059.8674818302,-2010230.8404369
MKG-141,10752,279,VINKE-RTMO,70.567,-26.105,10752,,,688059.8674818302,-2010230.8404369
MKG-141,10752,279,VINKE-RTMO,70.567,-26.105,10772,,,688059.8674818302,-2010230.8404369
MKG-140,10772,275,VINKE-RTMO,70.568,-26.105,10972,,,688023.7995994042,-2010125.4647668044
MKG-140,10772,275,VINKE-RTMO,70.568,-26.105,11099,,,688023.7995994042,-2010125.4647668044
MKG-140,10772,275,VINKE-RTMO,70.568,-26.105,10961,,,688023.7995994042,-2010125.4647668044
MKG-140,10772,275,VINKE-RTMO,70.568,-26.105,11482,,,688023.7995994042,-2010125.4647668044
MKG-140,10772,275,VINKE-RTMO,70.568,-26.105,9554,,,688023.7995994042,-2010125.4647668044
MKG-140,10772,275,VINKE-RTMO,70.568,-26.105,11738,,,688023.7995994042,-2010125.4647668044
MKG-140,10772,275,VINKE-RTMO,70.568,-26.105,10752,,,688023.7995994042,-2010125.4647668044
MKG-140,10772,275,VINKE-RTMO,70.568,-26.105,10772,,,688023.7995994042,-2010125.4647668044
22-ZAC-18,7370,838,ZAK-EM1,74.4755,-20.6414,7370,,,697725.6929979204,-1541086.6858410474
22-ZAC-18,7370,838,ZAK-EM1,74.4755,-20.6414,11965,,,697725.6929979204,-1541086.6858410474
22-ZAC-18,7370,838,ZAK-EM1,74.4755,-20.6414,12281,,,697725.6929979204,-1541086.6858410474
22-ZAC-19,11965,601,ZAK-EM1,74.4783,-20.6298,7370,,,697910.2943193797,-1540664.1755786461
22-ZAC-19,11965,601,ZAK-EM1,74.4783,-20.6298,11965,,,697910.2943193797,-1540664.1755786461
22-ZAC-19,11965,601,ZAK-EM1,74.4783,-20.6298,12281,,,697910.2943193797,-1540664.1755786461
22-ZAC-20,12281,638,ZAK-EM1,74.4781,-20.6234,7370,,,698091.4853078071,-1540606.2945912117
22-ZAC-20,12281,638,ZAK-EM1,74.4781,-20.6234,11965,,,698091.4853078071,-1540606.2945912117
22-ZAC-20,12281,638,ZAK-EM1,74.4781,-20.6234,12281,,,698091.4853078071,-1540606.2945912117
22-ZAC-24,11503,544,ZAK-SEM5,74.5262,-20.6929,11503,,,694039.2801441838,-1536618.8899511453
22-ZAC-24,11503,544,ZAK-SEM5,74.5262,-20.6929,11319,,,694039.2801441838,-1536618.8899511453
22-ZAC-24,11503,544,ZAK-SEM5,74.5262,-20.6929,11573,,,694039.2801441838,-1536618.8899511453
22-ZAC-25,11319,888,ZAK-SEM5,74.5263,-20.6928,11503,,,694037.4239635719,-1536607.6312431807
22-ZAC-25,11319,888,ZAK-SEM5,74.5263,-20.6928,11319,,,694037.4239635719,-1536607.6312431807
22-ZAC-25,11319,888,ZAK-SEM5,74.5263,-20.6928,11573,,,694037.4239635719,-1536607.6312431807
22-ZAC-26,11573,470,ZAK-SEM5,74.5263,-20.6931,11503,,,694029.3782953151,-1536611.265193571
22-ZAC-26,11573,470,ZAK-SEM5,74.5263,-20.6931,11319,,,694029.3782953151,-1536611.265193571
22-ZAC-26,11573,470,ZAK-SEM5,74.5263,-20.6931,11573,,,694029.3782953151,-1536611.265193571
22-ZAC-29,10608,521,ZAK-SEM7,74.5236,-20.6955,10608,,,694087.5281507141,-1536911.621079033
22-ZAC-29,10608,521,ZAK-SEM7,74.5236,-20.6955,11692,,,694087.5281507141,-1536911.621079033
22-ZAC-28,11692,689,ZAK-SEM7,74.5236,-20.6955,10608,,,694087.5281507141,-1536911.621079033
22-ZAC-28,11692,689,ZAK-SEM7,74.5236,-20.6955,11692,,,694087.5281507141,-1536911.621079033
22-ZAC-33,10186,527,ZAK-VMI,74.5001,-20.6264,10186,,,697009.7937399397,-1538433.392361441
22-ZAC-04,11721,665,ZAK-VMO,74.4842,-20.5944,11721,,,698593.262778777,-1539640.2845908452
22-ZAC-04,11721,665,ZAK-VMO,74.4842,-20.5944,10040,,,698593.262778777,-1539640.2845908452
22-ZAC-04,11721,665,ZAK-VMO,74.4842,-20.5944,11629,,,698593.262778777,-1539640.2845908452
22-ZAC-04,11721,665,ZAK-VMO,74.4842,-20.5944,10908,,,698593.262778777,-1539640.2845908452
22-ZAC-B1,10040,480,ZAK-VMO,74.4848,-20.5849,11721,,,698821.1906033339,-1539464.1936506259
22-ZAC-B1,10040,480,ZAK-VMO,74.4848,-20.5849,10040,,,698821.1906033339,-1539464.1936506259
22-ZAC-B1,10040,480,ZAK-VMO,74.4848,-20.5849,11629,,,698821.1906033339,-1539464.1936506259
22-ZAC-B1,10040,480,ZAK-VMO,74.4848,-20.5849,10908,,,698821.1906033339,-1539464.1936506259
22-ZAC-B2,11629,451,ZAK-VMO,74.486,-20.5967,11721,,,698449.460632134,-1539487.5941551214
22-ZAC-B2,11629,451,ZAK-VMO,74.486,-20.5967,10040,,,698449.460632134,-1539487.5941551214
22-ZAC-B2,11629,451,ZAK-VMO,74.486,-20.5967,11629,,,698449.460632134,-1539487.5941551214
22-ZAC-B2,11629,451,ZAK-VMO,74.486,-20.5967,10908,,,698449.460632134,-1539487.5941551214
22-ZAC-01b,10908,779,ZAK-VMO,74.4869,-20.5797,11721,,,698865.1801313054,-1539189.9384516233
22-ZAC-01b,10908,779,ZAK-VMO,74.4869,-20.5797,10040,,,698865.1801313054,-1539189.9384516233
22-ZAC-01b,10908,779,ZAK-VMO,74.4869,-20.5797,11629,,,698865.1801313054,-1539189.9384516233
22-ZAC-01b,10908,779,ZAK-VMO,74.4869,-20.5797,10908,,,698865.1801313054,-1539189.9384516233
22-ZAC-12,11358,455,ZAK-WM1,74.4991,-20.4379,11358,,,702113.2048998341,-1536232.223366603
22-ZAC-17,12257,3287,ZAK-WMU,74.4828,-20.5145,12257,,,700803.6158781896,-1538805.0655384574
